Section,Distance (km),Sub Distance (km),GNaverage,Latitude,Longitude
0101100F03,7.082,1.01,0.335000008,13.7703532,100.5515776
0101100F03,7.087,1.015,0.383333325,13.7703102,100.5515651
0101100F03,7.092,1.02,0.370000005,13.7702721,100.5515487
0101100F03,7.097,1.025,0.375,13.7702389,100.5515284
0101100F03,7.102,1.03,0.326666683,13.7702011,100.5515072
0101100F03,7.107,1.035,0.355000019,13.7701544,100.5514843
0101100F03,7.112,1.04,0.329999983,13.7701092,100.5514619
0101100F03,7.117,1.045,0.393333316,13.7700693,100.5514404
0101100F03,7.122,1.05,0.370000005,13.7700298,100.5514191
0101100F03,7.127,1.055,0.344999999,13.7699901,100.5513973
0101100F03,7.132,1.06,0.296666652,13.7699503,100.5513754
0101100F03,7.137,1.065,0.303333342,13.7699113,100.5513541
0101100F03,7.142,1.07,0.349999994,13.7698724,100.5513329
0101100F03,7.147,1.075,0.373333335,13.7698332,100.5513114
0101100F03,7.152,1.08,0.379999995,13.7697933,100.5512888
0101100F03,7.157,1.085,0.344999999,13.7697534,100.5512664
0101100F03,7.162,1.09,0.346666664,13.7697141,100.5512448
0101100F03,7.167,1.095,0.280000001,13.7696752,100.5512234
0101100F03,7.172,1.1,0.36500001,13.769636,100.5512021
0101100F03,7.177,1.105,0.375,13.7695969,100.5511809
0101100F03,7.182,1.11,0.370000005,13.7695579,100.5511597
0101100F03,7.187,1.115,0.36500001,13.7695193,100.5511392
0101100F03,7.192,1.12,0.360000014,13.769481,100.5511188
0101100F03,7.197,1.125,0.366666675,13.76944,100.5510951
0101100F03,7.202,1.13,0.379999995,13.7693983,100.5510705
0101100F03,7.207,1.135,0.370000005,13.7693577,100.5510469
0101100F03,7.212,1.14,0.353333354,13.7693183,100.5510247
0101100F03,7.217,1.145,0.349999994,13.7692791,100.5510026
0101100F03,7.222,1.15,0.409999996,13.7692393,100.55098
0101100F03,7.227,1.155,0.379999995,13.7691992,100.5509572
0101100F03,7.232,1.16,0.379999995,13.7691599,100.5509348
0101100F03,7.237,1.165,0.375,13.7691204,100.5509122
0101100F03,7.242,1.17,0.379999995,13.7690808,100.5508894
0101100F03,7.247,1.175,0.293333322,13.769042,100.5508667
0101100F03,7.252,1.18,0.349999994,13.7690026,100.5508438
0101100F03,7.257,1.185,0.343333334,13.7689675,100.550826
0101100F03,7.262,1.19,0.416666657,13.7689316,100.5508078
0101100F03,7.267,1.195,0.349999994,13.7688914,100.5507837
0101100F03,7.272,1.2,0.25,13.7688498,100.5507585
0101100F03,7.277,1.205,0.336666673,13.7688082,100.550732
0101100F03,7.282,1.21,0.340000004,13.7687661,100.5507054
0101100F03,7.287,1.215,0.330000013,13.7687276,100.5506818
0101100F03,7.292,1.22,0.349999994,13.7686883,100.5506581
0101100F03,7.297,1.225,0.349999994,13.7686489,100.5506347
0101100F03,7.302,1.23,0.36500001,13.7686111,100.5506119
0101100F03,7.307,1.235,0.356666684,13.7685739,100.5505789
0101100F03,7.312,1.24,0.229999989,13.7685399,100.5505192
0101100F03,7.317,1.245,0.355000019,13.7684971,100.5505031
0101100F03,7.322,1.25,0.333333343,13.7684494,100.55049
0101100F03,7.327,1.255,0.356666684,13.7684004,100.5504766
0101100F03,7.332,1.26,0.340000004,13.7683568,100.5504573
0101100F03,7.337,1.265,0.343333334,13.7683169,100.5504338
0101100F03,7.342,1.27,0.319999993,13.7682764,100.5504099
0101100F03,7.347,1.275,0.319999993,13.7682348,100.5503854
0101100F03,7.352,1.28,0.330000013,13.7681922,100.5503603
0101100F03,7.357,1.285,0.340000004,13.7681478,100.5503342
0101100F03,7.362,1.29,0.349999994,13.7681067,100.55031
0101100F03,7.367,1.295,0.335000008,13.7680695,100.550288
0101100F03,7.372,1.3,0.353333354,13.7680344,100.5502674
0101100F03,7.377,1.305,0.370000005,13.7680006,100.5502474
0101100F03,7.382,1.31,0.38499999,13.7679673,100.5502278
0101100F03,7.387,1.315,0.376666665,13.7679336,100.550208
0101100F03,7.392,1.32,0.36500001,13.7678997,100.550188
0101100F03,7.397,1.325,0.36500001,13.7678648,100.5501675
0101100F03,7.402,1.33,0.353333324,13.7678291,100.5501464
0101100F03,7.407,1.335,0.344999999,13.7677909,100.5501239
0101100F03,7.412,1.34,0.340000004,13.7677488,100.5501009
0101100F03,7.417,1.345,0.349999994,13.7677234,100.550068
0101100F03,7.422,1.35,0.333333343,13.7676985,100.5500494
0101100F03,7.427,1.355,0.355000019,13.7676638,100.5500245
0101100F03,7.432,1.36,0.356666684,13.7676123,100.5499875
0101100F03,7.437,1.365,0.403333336,13.767561,100.5499538
0101100F03,7.443,1.37,0.36500001,13.7675216,100.5499327
0101100F03,7.447,1.375,0.340000004,13.7674857,100.5499025
0101100F03,7.452,1.38,0.356666684,13.7674475,100.5498769
0101100F03,7.456,1.385,0.310000002,13.7674094,100.5498552
0101100F03,7.463,1.39,0.305000007,13.7673745,100.5498219
0101100F03,7.467,1.395,0.300000012,13.7673531,100.5498131
0101100F03,7.472,1.4,0.324999988,13.7673139,100.5497895
0101100F03,7.477,1.405,0.355000019,13.7672749,100.5497662
0101100F03,7.482,1.41,0.423333317,13.7672363,100.5497445
0101100F03,7.488,1.415,0.360000014,13.767197,100.549721
0101100F03,7.492,1.42,0.335000008,13.7671583,100.5496989
0101100F03,7.496,1.425,0.326666683,13.7671255,100.5496798
0101100F03,7.503,1.43,0.360000014,13.7669576,100.5495969
0101100F03,7.507,1.435,0.38499999,13.7669209,100.5495788
0101100F03,7.512,1.44,0.400000006,13.7668968,100.5495669
0101100F03,7.517,1.445,0.400000006,13.7668761,100.5495567
0101100F03,7.522,1.45,0.370000005,13.7668575,100.5495475
0101100F03,7.527,1.455,0.383333325,13.7668407,100.5495392
0101100F03,7.532,1.46,0.389999986,13.7668242,100.5495311
0101100F03,7.537,1.465,0.409999996,13.7667944,100.5495178
0101100F03,7.542,1.47,0.414999992,13.766753,100.5495002
0101100F03,7.547,1.475,0.386666656,13.7667108,100.5494827
0101100F03,7.552,1.48,0.394999981,13.7666688,100.5494645
0101100F03,7.557,1.485,0.420000017,13.7666278,100.5494466
0101100F03,7.562,1.49,0.466666669,13.766586,100.5494288
0101100F03,7.567,1.495,0.469999999,13.7665444,100.5494112
0101100F03,7.572,1.5,0.435000002,13.7665033,100.5493938
0101100F03,7.577,1.505,0.429999977,13.7664495,100.5493736
0101100F03,7.582,1.51,0.419999987,13.7663967,100.5493537
0101100F03,7.587,1.515,0.409999996,13.7663548,100.5493355
0101100F03,7.592,1.52,0.433333308,13.7663169,100.5493183
0101100F03,7.597,1.525,0.426666647,13.766287,100.5493031
0101100F03,7.602,1.53,0.439999998,13.7662525,100.5492869
0101100F03,7.607,1.535,0.423333317,13.7662109,100.5492688
0101100F03,7.612,1.54,0.413333327,13.7661697,100.5492507
0101100F03,7.617,1.545,0.425000012,13.7661282,100.5492321
0101100F03,7.622,1.55,0.413333327,13.7660876,100.549213
0101100F03,7.627,1.555,0.413333327,13.7660471,100.5491918
0101100F03,7.632,1.56,0.394999981,13.7660069,100.5491711
0101100F03,7.637,1.565,0.389999986,13.7659658,100.5491519
0101100F03,7.642,1.57,0.419999987,13.7659248,100.5491327
0101100F03,7.647,1.575,0.409999996,13.7658792,100.549108
0101100F03,7.652,1.58,0.344999999,13.7658336,100.5490828
0101100F03,7.657,1.585,0.386666656,13.7657897,100.5490619
0101100F03,7.662,1.59,0.409999996,13.7657475,100.5490443
0101100F03,7.667,1.595,0.409999996,13.7657061,100.5490235
0101100F03,7.672,1.6,0.393333316,13.7656679,100.5489962
0101100F03,7.677,1.605,0.389999986,13.76563,100.5489706
0101100F03,7.682,1.61,0.400000006,13.7655951,100.5489589
0101100F03,7.687,1.615,0.409999996,13.7655611,100.5489474
0101100F03,7.692,1.62,0.373333335,13.7655214,100.5489274
0101100F03,7.697,1.625,0.400000006,13.7654813,100.5489065
0101100F03,7.702,1.63,0.400000006,13.765441,100.5488861
0101100F03,7.707,1.635,0.389999986,13.7654005,100.5488661
0101100F03,7.712,1.64,0.375,13.7653603,100.5488458
0101100F03,7.717,1.645,0.360000014,13.7653144,100.5488187
0101100F03,7.722,1.65,0.376666665,13.7652692,100.5487921
0101100F03,7.727,1.655,0.284999996,13.7652265,100.5487688
0101100F03,7.732,1.66,0.305000007,13.7651862,100.5487489
0101100F03,7.737,1.665,0.319999993,13.7651466,100.5487293
0101100F03,7.742,1.67,0.319999993,13.7651061,100.5487076
0101100F03,7.747,1.675,0.290000021,13.765066,100.5486858
0101100F03,7.752,1.68,0.340000004,13.7650263,100.5486643
0101100F03,7.757,1.685,0.340000004,13.7649849,100.5486449
0101100F03,7.762,1.69,0.300000012,13.7649438,100.5486258
0101100F03,7.767,1.695,0.310000002,13.7649032,100.548607
0101100F03,7.772,1.7,0.319999993,13.7648618,100.5485882
0101100F03,7.777,1.705,0.319999993,13.7648207,100.5485696
0101100F03,7.782,1.71,0.353333354,13.76478,100.5485512
0101100F03,7.787,1.715,0.346666664,13.7647419,100.5485387
0101100F03,7.792,1.72,0.36500001,13.7647044,100.5485276
0101100F03,7.797,1.725,0.340000004,13.7646675,100.5485166
0101100F03,7.802,1.73,0.366666675,13.7646281,100.5485017
0101100F03,7.807,1.735,0.370000005,13.7645866,100.5484839
0101100F03,7.812,1.74,0.355000019,13.764545,100.548466
0101100F03,7.817,1.745,0.333333343,13.7645029,100.5484481
0101100F03,7.822,1.75,0.305000007,13.7644612,100.5484306
0101100F03,7.827,1.755,0.330000013,13.7644193,100.548413
0101100F03,7.832,1.76,0.400000006,13.764377,100.5483954
0101100F03,7.837,1.765,0.400000006,13.7643356,100.5483788
0101100F03,7.842,1.77,0.379999995,13.7642934,100.5483618
0101100F03,7.847,1.775,0.516666651,13.764251,100.5483447
0101100F03,7.852,1.78,0.529999971,13.7642088,100.5483275
0101100F03,7.857,1.785,0.465000004,13.7641663,100.5483102
0101100F03,7.862,1.79,0.449999958,13.7641239,100.548293
0101100F03,7.867,1.795,0.469999999,13.7640819,100.5482763
0101100F03,7.872,1.8,0.480000019,13.7640399,100.5482597
0101100F03,7.877,1.805,0.340000004,13.763998,100.5482429
0101100F03,7.882,1.81,0.319999993,13.7639559,100.5482259
0101100F03,7.887,1.815,0.314999998,13.7639141,100.5482088
0101100F03,7.892,1.82,0.370000005,13.7638723,100.5481918
0101100F03,7.897,1.825,0.409999996,13.7638302,100.5481743
0101100F03,7.902,1.83,0.409999996,13.7637882,100.5481569
0101100F03,7.907,1.835,0.38499999,13.7637468,100.5481396
0101100F03,7.912,1.84,0.349999994,13.7637054,100.5481214
0101100F03,7.917,1.845,0.355000019,13.7636642,100.5481034
0101100F03,7.922,1.85,0.379999995,13.7636237,100.5480856
0101100F03,7.927,1.855,0.383333325,13.7635826,100.5480673
0101100F03,7.932,1.86,0.379999995,13.763542,100.5480491
0101100F03,7.937,1.865,0.379999995,13.7635014,100.548031
0101100F03,7.942,1.87,0.313333333,13.7634558,100.548005
0101100F03,7.947,1.875,0.330000013,13.7634079,100.5479753
0101100F03,7.952,1.88,0.36500001,13.7633602,100.5479457
0101100F03,7.957,1.885,0.360000014,13.7633171,100.5479238
0101100F03,7.962,1.89,0.376666665,13.7632821,100.5479151
0101100F03,7.967,1.895,0.360000014,13.7632472,100.5479065
0101100F03,7.972,1.9,0.366666675,13.7632124,100.5478977
0101100F03,7.977,1.905,0.373333335,13.7631716,100.5478779
0101100F03,7.982,1.91,0.340000004,13.7631308,100.5478581
0101100F03,7.987,1.915,0.340000004,13.7630902,100.5478384
0101100F03,7.992,1.92,0.319999993,13.7630494,100.5478181
0101100F03,7.997,1.925,0.340000004,13.7630085,100.5477975
0101100F03,8.002,1.93,0.370000005,13.7629681,100.5477771
0101100F03,8.007,1.935,0.353333324,13.7629274,100.5477565
0101100F03,8.012,1.94,0.344999999,13.7628871,100.5477356
0101100F03,8.017,1.945,0.340000004,13.7628466,100.5477147
0101100F03,8.022,1.95,0.326666683,13.7628062,100.5476938
0101100F03,8.027,1.955,0.290000021,13.7627663,100.5476721
0101100F03,8.032,1.96,0.295000017,13.7627264,100.5476501
0101100F03,8.037,1.965,0.340000004,13.7626865,100.5476281
0101100F03,8.042,1.97,0.284999996,13.7626468,100.5476064
0101100F03,8.047,1.975,0.36500001,13.7626068,100.5475848
0101100F03,8.052,1.98,0.306666672,13.7625669,100.5475633
0101100F03,8.057,1.985,0.319999993,13.7625272,100.5475419
0101100F03,8.062,1.99,0.349999994,13.7624877,100.5475195
0101100F03,8.067,1.995,0.330000013,13.7624486,100.5474971
0101100F03,8.072,2,0.316666663,13.7624092,100.5474746
0101100F03,8.077,2.005,0.314999998,13.7623698,100.5474519
0101100F03,8.082,2.01,0.300000012,13.7623306,100.547429
0101100F03,8.087,2.015,0.313333333,13.7622912,100.5474061
0101100F03,8.092,2.02,0.284999996,13.7622519,100.5473832
0101100F03,8.097,2.025,0.295000017,13.7622127,100.5473601
0101100F03,8.102,2.03,0.300000012,13.7621734,100.547337
0101100F03,8.107,2.035,0.280000001,13.7621343,100.5473139
0101100F03,8.112,2.04,0.264999986,13.7620952,100.5472906
0101100F03,8.117,2.045,0.270000011,13.7620563,100.5472666
0101100F03,8.122,2.05,0.310000002,13.7620175,100.5472427
0101100F03,8.127,2.055,0.275000006,13.7619787,100.5472188
0101100F03,8.132,2.06,0.303333342,13.7619403,100.5471944
0101100F03,8.137,2.065,0.270000011,13.7619022,100.5471697
0101100F03,8.142,2.07,0.284999996,13.7618641,100.5471451
0101100F03,8.147,2.075,0.25999999,13.7618262,100.5471203
0101100F03,8.152,2.08,0.263333321,13.7617886,100.547094
0101100F03,8.157,2.085,0.275000006,13.761751,100.5470676
0101100F03,8.162,2.09,0.270000011,13.7617136,100.5470414
0101100F03,8.167,2.095,0.270000011,13.7616763,100.5470148
0101100F03,8.172,2.1,0.219999999,13.7616393,100.5469882
0101100F03,8.177,2.105,0.215000004,13.7616024,100.5469617
0101100F03,8.182,2.11,0.24333334,13.7615655,100.546935
0101100F03,8.187,2.115,0.25999999,13.7615295,100.5469075
0101100F03,8.192,2.12,0.245000005,13.7614933,100.5468797
0101100F03,8.197,2.125,0.25999999,13.7614571,100.5468519
0101100F03,8.202,2.13,0.254999995,13.7614214,100.5468239
0101100F03,8.207,2.135,0.280000001,13.7613861,100.546795
0101100F03,8.212,2.14,0.313333333,13.7613507,100.5467661
0101100F03,8.217,2.145,0.280000001,13.7613156,100.5467374
0101100F03,8.222,2.15,0.264999986,13.7612808,100.5467079
0101100F03,8.227,2.155,0.310000002,13.7612462,100.5466783
0101100F03,8.232,2.16,0.305000007,13.7612118,100.5466489
0101100F03,8.237,2.165,0.300000012,13.7611771,100.546619
0101100F03,8.242,2.17,0.296666682,13.761143,100.5465885
0101100F03,8.247,2.175,0.286666662,13.7611087,100.5465578
0101100F03,8.252,2.18,0.324999988,13.7610744,100.5465272
0101100F03,8.257,2.185,0.340000004,13.761041,100.5464961
0101100F03,8.262,2.19,0.316666692,13.7610077,100.5464645
0101100F03,8.267,2.195,0.314999998,13.7609744,100.5464329
0101100F03,8.272,2.2,0.310000002,13.7609415,100.5464015
0101100F03,8.277,2.205,0.270000011,13.7609089,100.5463695
0101100F03,8.282,2.21,0.289999992,13.7608766,100.5463378
0101100F03,8.287,2.215,0.300000012,13.7608441,100.5463058
0101100F03,8.292,2.22,0.306666672,13.7608104,100.5462766
0101100F03,8.297,2.225,0.305000007,13.7607753,100.5462505
0101100F03,8.302,2.23,0.324999988,13.7607401,100.5462243
0101100F03,8.307,2.235,0.300000012,13.760705,100.5461982
0101100F03,8.312,2.24,0.305000007,13.7606724,100.5461656
0101100F03,8.317,2.245,0.305000007,13.7606402,100.5461313
0101100F03,8.322,2.25,0.300000012,13.7606083,100.5460973
0101100F03,8.327,2.255,0.306666672,13.7605761,100.546063
0101100F03,8.332,2.26,0.280000001,13.760544,100.5460288
0101100F03,8.337,2.265,0.306666672,13.760512,100.5459946
0101100F03,8.342,2.27,0.323333323,13.7604799,100.5459604
0101100F03,8.347,2.275,0.360000014,13.7604479,100.5459262
0101100F03,8.352,2.28,0.349999994,13.7604159,100.5458921
0101100F03,8.357,2.285,0.326666683,13.760384,100.5458581
0101100F03,8.362,2.29,0.300000012,13.7603519,100.5458238
0101100F03,8.367,2.295,0.289999992,13.7603201,100.5457899
0101100F03,8.372,2.3,0.293333322,13.7602882,100.5457559
0101100F03,8.377,2.305,0.289999992,13.7602564,100.545722
0101100F03,8.382,2.31,0.319999993,13.7602243,100.5456889
0101100F03,8.387,2.315,0.300000012,13.760191,100.5456581
0101100F03,8.392,2.32,0.319999993,13.760158,100.5456275
0101100F03,8.397,2.325,0.330000013,13.7601248,100.5455968
0101100F03,8.402,2.33,0.323333353,13.7600907,100.5455666
0101100F03,8.407,2.335,0.324999988,13.7600562,100.5455369
0101100F03,8.412,2.34,0.319999993,13.7600215,100.5455071
0101100F03,8.417,2.345,0.326666683,13.7599872,100.5454776
0101100F03,8.422,2.35,0.320000023,13.7599518,100.5454487
0101100F03,8.427,2.355,0.305000007,13.7599164,100.54542
0101100F03,8.432,2.36,0.333333343,13.7598813,100.5453916
0101100F03,8.437,2.365,0.326666683,13.7598459,100.5453632
0101100F03,8.442,2.37,0.360000014,13.7598096,100.5453356
0101100F03,8.447,2.375,0.360000014,13.7597736,100.5453082
0101100F03,8.452,2.38,0.349999994,13.7597373,100.5452807
0101100F03,8.457,2.385,0.340000004,13.7596994,100.5452522
0101100F03,8.462,2.39,0.349999994,13.7596577,100.5452212
0101100F03,8.467,2.395,0.363333344,13.7596161,100.5451903
0101100F03,8.472,2.4,0.340000004,13.7595747,100.5451596
0101100F03,8.477,2.405,0.330000013,13.759537,100.5451352
0101100F03,8.482,2.41,0.310000002,13.759503,100.5451168
0101100F03,8.487,2.415,0.310000002,13.759469,100.5450984
0101100F03,8.492,2.42,0.335000008,13.7594351,100.54508
0101100F03,8.497,2.425,0.346666664,13.759394,100.5450537
0101100F03,8.502,2.43,0.349999994,13.7593491,100.5450234
0101100F03,8.507,2.435,0.340000004,13.7593043,100.544993
0101100F03,8.512,2.44,0.319999993,13.7592598,100.544963
0101100F03,8.517,2.445,0.306666672,13.759218,100.5449429
0101100F03,8.522,2.45,0.324999988,13.7591771,100.5449254
0101100F03,8.527,2.455,0.336666673,13.7591362,100.5449079
0101100F03,8.532,2.46,0.356666684,13.7590948,100.5448902
0101100F03,8.537,2.465,0.319999993,13.7590577,100.5448856
0101100F03,8.542,2.47,0.326666683,13.7590208,100.544882
0101100F03,8.547,2.475,0.319999993,13.7589837,100.5448783
0101100F03,8.552,2.48,0.335000008,13.758946,100.5448738
0101100F03,8.557,2.485,0.340000004,13.7589029,100.5448603
0101100F03,8.562,2.49,0.323333353,13.7588595,100.5448468
0101100F03,8.567,2.495,0.310000002,13.758816,100.5448333
0101100F03,8.572,2.5,0.319999993,13.7587719,100.5448213
0101100F03,8.577,2.505,0.343333334,13.7587257,100.5448124
0101100F03,8.582,2.51,0.330000013,13.7586801,100.5448037
0101100F03,8.587,2.515,0.319999993,13.7586344,100.5447949
0101100F03,8.592,2.52,0.316666663,13.7585891,100.5447862
0101100F03,8.597,2.525,0.330000013,13.7585438,100.5447775
0101100F03,8.602,2.53,0.319999993,13.7584986,100.5447688
0101100F03,8.607,2.535,0.323333323,13.7584538,100.5447602
0101100F03,8.612,2.54,0.319999993,13.7584107,100.5447519
0101100F03,8.617,2.545,0.330000013,13.7583686,100.5447436
0101100F03,8.622,2.55,0.319999993,13.7583269,100.5447355
0101100F03,8.627,2.555,0.360000014,13.758285,100.5447273
0101100F03,8.632,2.56,0.340000004,13.7582408,100.5447243
0101100F03,8.637,2.565,0.335000008,13.7581957,100.5447233
0101100F03,8.642,2.57,0.340000004,13.7581505,100.5447222
0101100F03,8.647,2.575,0.340000004,13.7581055,100.5447212
0101100F03,8.652,2.58,0.324999988,13.7580605,100.544723
0101100F03,8.657,2.585,0.323333353,13.7580155,100.5447256
0101100F03,8.662,2.59,0.344999999,13.7579709,100.5447281
0101100F03,8.667,2.595,0.360000014,13.7579256,100.5447307
0101100F03,8.672,2.6,0.293333322,13.7578808,100.5447329
0101100F03,8.677,2.605,0.295000017,13.757836,100.5447349
0101100F03,8.682,2.61,0.300000012,13.7577908,100.544737
0101100F03,8.687,2.615,0.330000013,13.7577456,100.5447392
0101100F03,8.692,2.62,0.310000002,13.7577013,100.5447432
0101100F03,8.697,2.625,0.329999983,13.7576568,100.5447472
0101100F03,8.702,2.63,0.303333342,13.757612,100.5447512
0101100F03,8.707,2.635,0.300000012,13.7575674,100.5447596
0101100F03,8.712,2.64,0.290000021,13.7575244,100.5447773
0101100F03,8.717,2.645,0.289999992,13.7574806,100.5447953
0101100F03,8.722,2.65,0.313333333,13.7574355,100.5448139
0101100F03,8.727,2.655,0.300000012,13.7573924,100.5448265
0101100F03,8.732,2.66,0.280000001,13.7573485,100.5448381
0101100F03,8.737,2.665,0.303333342,13.7573039,100.54485
0101100F03,8.742,2.67,0.310000002,13.7572608,100.5448585
0101100F03,8.747,2.675,0.314999998,13.7572181,100.5448647
0101100F03,8.752,2.68,0.326666683,13.7571749,100.544871
0101100F03,8.757,2.685,0.305000007,13.7571292,100.5448819
0101100F03,8.762,2.69,0.330000013,13.757081,100.5448971
0101100F03,8.767,2.695,0.323333353,13.7570322,100.5449126
0101100F03,8.772,2.7,0.295000017,13.7569904,100.5449289
0101100F03,8.777,2.705,0.289999992,13.7569531,100.544946
0101100F03,8.782,2.71,0.300000012,13.7569146,100.5449636
0101100F03,8.787,2.715,0.319999993,13.7568744,100.544982
0101100F03,8.792,2.72,0.310000002,13.7568325,100.5450012
0101100F03,8.797,2.725,0.389999986,13.756789,100.5450211
0101100F03,8.802,2.73,0.386666656,13.7567445,100.5450415
0101100F03,8.807,2.735,0.394999981,13.7566998,100.5450619
0101100F03,8.812,2.74,0.349999994,13.7566586,100.5450797
0101100F03,8.817,2.745,0.409999996,13.756617,100.5450976
0101100F03,8.822,2.75,0.295000017,13.7565753,100.5451149
0101100F03,8.827,2.755,0.305000007,13.7565332,100.5451323
0101100F03,8.832,2.76,0.300000012,13.7564914,100.5451499
0101100F03,8.837,2.765,0.305000007,13.7564499,100.5451677
0101100F03,8.842,2.77,0.275000006,13.7564082,100.5451854
0101100F03,8.847,2.775,0.276666671,13.7563664,100.5452032
0101100F03,8.852,2.78,0.289999992,13.7563253,100.5452206
0101100F03,8.857,2.785,0.270000011,13.7562835,100.5452382
0101100F03,8.862,2.79,0.296666682,13.7562417,100.5452556
0101100F03,8.867,2.795,0.275000006,13.7561995,100.5452729
0101100F03,8.872,2.8,0.300000012,13.7561574,100.54529
0101100F03,8.877,2.805,0.270000011,13.7561154,100.5453079
0101100F03,8.882,2.81,0.276666671,13.7560735,100.5453273
0101100F03,8.887,2.815,0.280000001,13.7560208,100.5453406
0101100F03,8.892,2.82,0.283333331,13.7559827,100.5453544
0101100F03,8.897,2.825,0.280000001,13.7559476,100.5453707
0101100F03,8.902,2.83,0.25999999,13.7559062,100.5453898
0101100F03,8.907,2.835,0.25999999,13.7558642,100.5454075
0101100F03,8.912,2.84,0.269999981,13.7558229,100.5454258
0101100F03,8.917,2.845,0.319999993,13.7557813,100.5454447
0101100F03,8.922,2.85,0.310000002,13.7557398,100.5454623
0101100F03,8.927,2.855,0.273333341,13.7556974,100.5454807
0101100F03,8.932,2.86,0.270000011,13.7556552,100.5454997
0101100F03,8.937,2.865,0.289999992,13.7556134,100.5455177
0101100F03,8.942,2.87,0.306666672,13.7555714,100.5455359
0101100F03,8.947,2.875,0.310000002,13.7555305,100.5455539
0101100F03,8.952,2.88,0.280000001,13.7554899,100.5455717
0101100F03,8.957,2.885,0.270000011,13.7554483,100.5455897
0101100F03,8.962,2.89,0.289999992,13.7554068,100.5456083
0101100F03,8.967,2.895,0.300000012,13.7553647,100.5456268
0101100F03,8.972,2.9,0.293333322,13.7553234,100.5456447
0101100F03,8.977,2.905,0.270000011,13.7552813,100.5456644
0101100F03,8.982,2.91,0.295000017,13.7552402,100.5456829
0101100F03,8.987,2.915,0.300000012,13.755198,100.5457007
0101100F03,8.992,2.92,0.280000001,13.7551578,100.5457198
0101100F03,8.997,2.925,0.280000001,13.7551163,100.5457385
0101100F03,9.002,2.93,0.270000011,13.7550747,100.5457581
0101100F03,9.007,2.935,0.25999999,13.755034,100.5457766
0101100F03,9.012,2.94,0.275000006,13.7549934,100.5457943
0101100F03,9.017,2.945,0.264999986,13.7549518,100.545818
0101100F03,9.022,2.95,0.276666671,13.7549116,100.5458381
0101100F03,9.027,2.955,0.270000011,13.7548713,100.5458594
0101100F03,9.032,2.96,0.280000001,13.7548313,100.5458799
0101100F03,9.037,2.965,0.289999992,13.754792,100.5459011
0101100F03,9.042,2.97,0.280000001,13.7547521,100.5459223
0101100F03,9.047,2.975,0.275000006,13.7547118,100.5459445
0101100F03,9.052,2.98,0.263333321,13.7546731,100.5459665
0101100F03,9.057,2.985,0.266666681,13.7546334,100.5459892
0101100F03,9.062,2.99,0.270000011,13.7545928,100.5460139
0101100F03,9.067,2.995,0.270000011,13.7545544,100.5460363
0101100F03,9.072,3,0.273333341,13.7545151,100.5460588
0101100F03,9.077,3.005,0.284999996,13.7544816,100.5460849
0101100F03,9.082,3.01,0.280000001,13.7544422,100.5461089
0101100F03,9.087,3.015,0.266666651,13.7544029,100.5461315
0101100F03,9.092,3.02,0.264999986,13.7543605,100.5461615
0101100F03,9.098,3.025,0.319999993,13.7543236,100.5461774
0101100F03,9.102,3.03,0.306666642,13.7542863,100.5462133
0101100F03,9.107,3.035,0.25,13.7542518,100.5462419
0101100F03,9.112,3.04,0.239999995,13.7542086,100.546267
0101100F03,9.117,3.045,0.25666666,13.7541711,100.5462945
0101100F03,9.122,3.05,0.224999994,13.7541364,100.5463226
0101100F03,9.127,3.055,0.25,13.7541124,100.5463564
0101100F03,9.132,3.06,0.24666667,13.7540699,100.5463804
0101100F03,9.137,3.065,0.270000011,13.7540263,100.5464003
0101100F03,9.142,3.07,0.254999995,13.7539979,100.5464255
0101100F03,9.147,3.075,0.25999999,13.7539726,100.5464617
0101100F03,9.152,3.08,0.25666666,13.7539447,100.5465017
0101100F03,9.157,3.085,0.234999999,13.753912,100.5465343
0101100F03,9.162,3.09,0.219999984,13.75388,100.5465677
0101100F03,9.167,3.095,0.239999995,13.7538494,100.546605
0101100F03,9.172,3.1,0.230000004,13.7538195,100.5466511
0101100F03,9.177,3.105,0.230000004,13.7537882,100.5466829
0101100F03,9.182,3.11,0.230000004,13.7537572,100.5467083
0101100F03,9.187,3.115,0.230000004,13.7537279,100.5467427
0101100F03,9.192,3.12,0.219999999,13.7536977,100.5467743
0101100F03,9.197,3.125,0.209999993,13.7536701,100.5468138
0101100F03,9.202,3.13,0.204999998,13.7536425,100.5468504
0101100F03,9.207,3.135,0.230000004,13.7536172,100.5468983
0101100F03,9.212,3.14,0.24666667,13.7535909,100.5469348
0101100F03,9.217,3.145,0.230000004,13.753536,100.5469526
0101100F03,9.222,3.15,0.245000005,13.7535353,100.5470042
0101100F03,9.227,3.155,0.220000014,13.753513,100.5470419
0101100F03,9.232,3.16,0.215000004,13.7534765,100.5470757
0101100F03,9.237,3.165,0.230000004,13.753449,100.5471123
0101100F03,9.242,3.17,0.230000004,13.7534211,100.547148
0101100F03,9.247,3.175,0.230000004,13.7533948,100.5471855
0101100F03,9.252,3.18,0.215000004,13.753368,100.5472221
0101100F03,9.257,3.185,0.219999984,13.7533419,100.5472595
0101100F03,9.262,3.19,0.226666674,13.753316,100.5472968
0101100F03,9.267,3.195,0.224999994,13.7532902,100.5473342
0101100F03,9.272,3.2,0.236666664,13.7532641,100.5473726
0101100F03,9.277,3.205,0.219999984,13.75324,100.5474116
0101100F03,9.282,3.21,0.200000003,13.7532165,100.5474508
0101100F03,9.287,3.215,0.209999993,13.753193,100.547491
0101100F03,9.292,3.22,0.200000003,13.7531711,100.5475298
0101100F03,9.297,3.225,0.215000004,13.7531486,100.5475693
0101100F03,9.302,3.23,0.229999989,13.7531246,100.5476091
0101100F03,9.307,3.235,0.216666654,13.7531001,100.5476483
0101100F03,9.312,3.24,0.215000004,13.7530763,100.5476858
0101100F03,9.317,3.245,0.215000004,13.7530512,100.5477243
0101100F03,9.322,3.25,0.230000004,13.7530262,100.5477618
0101100F03,9.327,3.255,0.230000004,13.7530006,100.5477993
0101100F03,9.332,3.26,0.230000004,13.7529763,100.5478393
0101100F03,9.337,3.265,0.219999984,13.7529527,100.5478801
0101100F03,9.342,3.27,0.230000004,13.7529247,100.5479151
0101100F03,9.347,3.275,0.200000003,13.7528947,100.5479489
0101100F03,9.352,3.28,0.230000004,13.7528672,100.5479852
0101100F03,9.357,3.285,0.219999984,13.7528393,100.5480229
0101100F03,9.362,3.29,0.219999999,13.7528119,100.5480595
0101100F03,9.367,3.295,0.209999993,13.7527836,100.5480961
0101100F03,9.372,3.3,0.226666674,13.7527548,100.5481322
0101100F03,9.377,3.305,0.239999995,13.7527262,100.5481674
0101100F03,9.382,3.31,0.230000004,13.7526967,100.548203
0101100F03,9.387,3.315,0.233333334,13.7526669,100.5482382
0101100F03,9.392,3.32,0.239999995,13.7526369,100.5482727
0101100F03,9.397,3.325,0.230000004,13.7526067,100.5483071
0101100F03,9.402,3.33,0.230000004,13.7525764,100.5483412
0101100F03,9.407,3.335,0.25,13.7525456,100.5483752
0101100F03,9.412,3.34,0.25,13.7525147,100.5484083
0101100F03,9.417,3.345,0.25333333,13.7524831,100.5484399
0101100F03,9.422,3.35,0.25333333,13.7524508,100.5484722
0101100F03,9.427,3.355,0.239999995,13.7524184,100.5485045
0101100F03,9.432,3.36,0.233333334,13.7523854,100.5485363
0101100F03,9.437,3.365,0.223333314,13.7523524,100.5485677
0101100F03,9.442,3.37,0.219999999,13.7523189,100.5485988
0101100F03,9.447,3.375,0.25,13.7522845,100.5486294
0101100F03,9.452,3.38,0.25,13.75225,100.5486596
0101100F03,9.457,3.385,0.245000005,13.7522159,100.5486872
0101100F03,9.462,3.39,0.180000007,13.7521815,100.5487163
0101100F03,9.467,3.395,0.25999999,13.7521466,100.5487477
0101100F03,9.472,3.4,0.224999994,13.7521114,100.5487774
0101100F03,9.477,3.405,0.230000004,13.7520759,100.5488062
0101100F03,9.482,3.41,0.230000004,13.7520396,100.5488339
0101100F03,9.487,3.415,0.25,13.752004,100.5488608
0101100F03,9.492,3.42,0.270000011,13.7519671,100.5488877
0101100F03,9.497,3.425,0.270000011,13.7519313,100.5489139
0101100F03,9.502,3.43,0.25999999,13.7518941,100.5489402
0101100F03,9.507,3.435,0.275000006,13.7518575,100.548966
0101100F03,9.512,3.44,0.326666683,13.7518208,100.5489915
0101100F03,9.517,3.445,0.309999973,13.7517834,100.5490174
0101100F03,9.522,3.45,0.300000012,13.7517457,100.5490422
0101100F03,9.527,3.455,0.310000002,13.7517072,100.5490666
0101100F03,9.532,3.46,0.300000012,13.7516685,100.5490907
0101100F03,9.537,3.465,0.300000012,13.7516301,100.5491141
0101100F03,9.542,3.47,0.273333341,13.7515914,100.5491375
0101100F03,9.547,3.475,0.263333321,13.7515514,100.5491611
0101100F03,9.552,3.48,0.289999992,13.7515119,100.5491842
0101100F03,9.557,3.485,0.284999996,13.7514718,100.5492056
0101100F03,9.562,3.49,0.280000001,13.7514322,100.5492267
0101100F03,9.567,3.495,0.280000001,13.7513915,100.549248
0101100F03,9.572,3.5,0.310000002,13.7513509,100.5492692
0101100F03,9.577,3.505,0.310000002,13.7513107,100.5492893
0101100F03,9.582,3.51,0.305000007,13.7512698,100.5493091
0101100F03,9.587,3.515,0.270000011,13.7512288,100.5493285
0101100F03,9.592,3.52,0.263333321,13.7511875,100.5493472
0101100F03,9.597,3.525,0.275000006,13.7511457,100.549366
0101100F03,9.602,3.53,0.254999995,13.7511041,100.5493836
0101100F03,9.607,3.535,0.25666666,13.7510621,100.5494014
0101100F03,9.612,3.54,0.25666666,13.7510199,100.5494182
0101100F03,9.617,3.545,0.254999995,13.7509783,100.5494346
0101100F03,9.622,3.55,0.276666671,13.7509359,100.5494507
0101100F03,9.627,3.555,0.306666672,13.7508933,100.5494665
0101100F03,9.632,3.56,0.295000017,13.7508508,100.5494817
0101100F03,9.637,3.565,0.300000012,13.7508081,100.5494958
0101100F03,9.642,3.57,0.310000002,13.7507648,100.54951
0101100F03,9.647,3.575,0.305000007,13.7507218,100.5495236
0101100F03,9.652,3.58,0.295000017,13.750678,100.5495374
0101100F03,9.657,3.585,0.273333311,13.7506354,100.5495502
0101100F03,9.662,3.59,0.275000006,13.7505923,100.5495629
0101100F03,9.667,3.595,0.284999996,13.7505492,100.5495751
0101100F03,9.672,3.6,0.293333322,13.7505058,100.5495872
0101100F03,9.677,3.605,0.280000001,13.7504614,100.5495974
0101100F03,9.682,3.61,0.280000001,13.7504158,100.5496069
0101100F03,9.687,3.615,0.280000001,13.7503728,100.5496167
0101100F03,9.692,3.62,0.245000005,13.750328,100.5496273
0101100F03,9.697,3.625,0.180000007,13.7502843,100.5496371
0101100F03,9.702,3.63,0.25,13.7502391,100.5496469
0101100F03,9.707,3.635,0.25,13.7501941,100.5496562
0101100F03,9.712,3.64,0.25,13.7501496,100.5496649
0101100F03,9.717,3.645,0.25,13.7501051,100.5496736
0101100F03,9.722,3.65,0.25999999,13.7500612,100.5496818
0101100F03,9.727,3.655,0.270000011,13.7500165,100.5496892
0101100F03,9.732,3.66,0.289999992,13.7499719,100.5496967
0101100F03,9.737,3.665,0.270000011,13.7499274,100.5497042
0101100F03,9.742,3.67,0.289999992,13.749883,100.5497113
0101100F03,9.747,3.675,0.305000007,13.7498379,100.549718
0101100F03,9.752,3.68,0.303333342,13.7497927,100.5497248
0101100F03,9.757,3.685,0.289999992,13.7497483,100.5497315
0101100F03,9.762,3.69,0.275000006,13.7497034,100.5497381
0101100F03,9.767,3.695,0.273333341,13.7496588,100.5497443
0101100F03,9.772,3.7,0.270000011,13.7496144,100.5497506
0101100F03,9.777,3.705,0.270000011,13.7495695,100.5497573
0101100F03,9.782,3.71,0.25,13.7495247,100.5497634
0101100F03,9.787,3.715,0.159999996,13.7494797,100.5497694
0101100F03,9.792,3.72,0.175000012,13.7494351,100.5497753
0101100F03,9.797,3.725,0.25,13.7493903,100.5497807
0101100F03,9.802,3.73,0.283333331,13.7493455,100.5497859
0101100F03,9.807,3.735,0.305000007,13.7493006,100.549791
0101100F03,9.812,3.74,0.310000002,13.7492556,100.5497963
0101100F03,9.817,3.745,0.319999993,13.7492115,100.5498017
0101100F03,9.822,3.75,0.305000007,13.7491664,100.5498064
0101100F03,9.827,3.755,0.245000005,13.7491224,100.5498117
0101100F03,9.832,3.76,0.196666658,13.7490803,100.54982
0101100F03,9.837,3.765,0.290000021,13.7490392,100.5498259
0101100F03,9.842,3.77,0.25999999,13.7489995,100.549828
0101100F03,9.847,3.775,0.25999999,13.7489536,100.5498323
0101100F03,9.852,3.78,0.254999995,13.7489023,100.5498385
0101100F03,9.857,3.785,0.314999998,13.7488544,100.549844
0101100F03,9.862,3.79,0.306666672,13.7488099,100.5498488
0101100F03,9.867,3.795,0.310000002,13.7487648,100.5498537
0101100F03,9.872,3.8,0.25,13.7487196,100.5498587
0101100F03,9.877,3.805,0.25666666,13.748675,100.5498633
0101100F03,9.882,3.81,0.180000007,13.7486299,100.5498675
0101100F03,9.887,3.815,0.194999993,13.7485863,100.5498716
0101100F03,9.892,3.82,0.233333334,13.7485415,100.5498752
0101100F03,9.897,3.825,0.200000003,13.7484974,100.5498787
0101100F03,9.902,3.83,0.245000005,13.7484532,100.5498833
0101100F03,9.907,3.835,0.293333322,13.7484076,100.5498901
0101100F03,9.912,3.84,0.24333334,13.7483628,100.5498967
0101100F03,9.917,3.845,0.229999989,13.7483173,100.5499024
0101100F03,9.922,3.85,0.215000004,13.7482716,100.5499075
0101100F03,9.927,3.855,0.219999984,13.7482268,100.5499126
0101100F03,9.932,3.86,0.174999997,13.7481816,100.5499175
0101100F03,9.937,3.865,0.144999996,13.7481369,100.5499224
0101100F03,9.942,3.87,0.200000003,13.7480929,100.5499272
0101100F03,9.947,3.875,0.215000004,13.7480473,100.5499324
0101100F03,9.952,3.88,0.230000004,13.7480025,100.5499374
0101100F03,9.957,3.885,0.233333334,13.7479581,100.5499424
0101100F03,9.962,3.89,0.204999998,13.7479127,100.5499474
0101100F03,9.967,3.895,0.324999988,13.747868,100.5499524
0101100F03,9.972,3.9,0.230000004,13.7478232,100.5499573
0101100F03,9.977,3.905,0.186666667,13.7477779,100.5499625
0101100F03,9.982,3.91,0.199999988,13.747733,100.5499677
0101100F03,9.987,3.915,0.24333334,13.7476882,100.5499729
0101100F03,9.992,3.92,0.233333334,13.7476436,100.5499783
0101100F03,9.997,3.925,0.224999994,13.7475994,100.5499836
0101100F03,10.002,3.93,0.223333344,13.7475551,100.549989
0101100F03,10.007,3.935,0.193333328,13.7475102,100.5499936
0101100F03,10.012,3.94,0.219999999,13.7474649,100.549998
0101100F03,10.017,3.945,0.230000004,13.7474199,100.5500024
0101100F03,10.022,3.95,0.226666674,13.7473749,100.550007
0101100F03,10.027,3.955,0.219999999,13.7473298,100.5500117
0101100F03,10.032,3.96,0.239999995,13.7472849,100.5500163
0101100F03,10.037,3.965,0.25,13.7472401,100.5500204
0101100F03,10.042,3.97,0.224999994,13.747195,100.5500238
0101100F03,10.047,3.975,0.210000008,13.7471501,100.5500272
0101100F03,10.052,3.98,0.360000014,13.7471067,100.5500307
0101100F03,10.057,3.985,0.375,13.7470716,100.5500346
0101100F03,10.062,3.99,0.204999998,13.7470362,100.5500386
0101100F03,10.067,3.995,0.226666674,13.7470004,100.5500426
0101100F03,10.072,4,0.209999993,13.7469643,100.5500466
0101100F03,10.077,4.005,0.234999999,13.746928,100.5500507
0101100F03,10.082,4.01,0.193333328,13.7468911,100.5500548
0101100F03,10.087,4.015,0.309999973,13.7468536,100.550059
0101100F03,10.092,4.02,0.200000003,13.7468156,100.5500633
0101100F03,10.097,4.025,0.234999999,13.746777,100.5500676
0101100F03,10.102,4.03,0.170000002,13.7467378,100.550072
0101100F03,10.107,4.035,0.204999998,13.746698,100.5500765
0101100F03,10.112,4.04,0.219999999,13.7466571,100.550081
0101100F03,10.117,4.045,0.223333344,13.7466152,100.5500857
0101100F03,10.122,4.05,0.215000004,13.7465715,100.5500906
0101100F03,10.127,4.055,0.215000004,13.7465258,100.5500957
0101100F03,10.132,4.06,0.203333333,13.7464779,100.5501011
0101100F03,10.137,4.065,0.180000007,13.7464264,100.5501069
0101100F03,10.142,4.07,0.230000004,13.7463713,100.550113
0101100F03,10.147,4.075,0.166666672,13.746313,100.5501196
0101100F03,10.152,4.08,0.213333324,13.7462533,100.5501263
0101100F03,10.157,4.085,0.215000004,13.7461926,100.5501331
0101100F03,10.162,4.09,0.213333324,13.7461301,100.5501401
0101100F03,10.167,4.095,0.186666667,13.7460677,100.550147
0101100F03,10.172,4.1,0.209999993,13.7460062,100.5501539
0101100F03,10.177,4.105,0.203333333,13.7459451,100.5501608
0101100F03,10.182,4.11,0.213333324,13.7458852,100.5501675
0101100F03,10.187,4.115,0.194999993,13.7458258,100.5501741
0101100F03,10.192,4.12,0.230000004,13.7457671,100.5501807
0101100F03,10.197,4.125,0.219999984,13.7457094,100.5501872
0101100F03,10.202,4.13,0.239999995,13.7456522,100.5501936
0101100F03,10.207,4.135,0.219999999,13.7455963,100.5501998
0101100F03,10.212,4.14,0.24666667,13.7455418,100.5502059
0101100F03,10.217,4.145,0.215000004,13.7454886,100.5502119
0101100F03,10.222,4.15,0.180000007,13.7454377,100.5502176
0101100F03,10.227,4.155,0.233333334,13.7453884,100.5502231
0101100F03,10.232,4.16,0.24000001,13.7453411,100.5502284
0101100F03,10.237,4.165,0.175000012,13.7452952,100.5502335
0101100F03,10.242,4.17,0.173333332,13.7452499,100.5502386
0101100F03,10.247,4.175,0.233333334,13.7452056,100.5502436
0101100F03,10.252,4.18,0.234999999,13.7451621,100.5502484
0101100F03,10.257,4.185,0.216666684,13.7451189,100.5502533
0101100F03,10.262,4.19,0.213333324,13.7450762,100.550258
0101100F03,10.267,4.195,0.204999998,13.745034,100.5502628
0101100F03,10.272,4.2,0.216666654,13.7449922,100.5502675
0101100F03,10.277,4.205,0.180000007,13.744951,100.5502721
0101100F03,10.282,4.21,0.200000003,13.74491,100.5502767
0101100F03,10.287,4.215,0.224999994,13.7448691,100.5502812
0101100F03,10.292,4.22,0.226666674,13.7448287,100.5502858
0101100F03,10.297,4.225,0.234999999,13.7447881,100.5502903
0101100F03,10.302,4.23,0.170000002,13.7447476,100.5502948
0101100F03,10.307,4.235,0.216666654,13.7447074,100.5502993
0101100F03,10.312,4.24,0.185000002,13.744667,100.5503039
0101100F03,10.317,4.245,0.209999993,13.7446268,100.5503084
0101100F03,10.322,4.25,0.209999993,13.7445865,100.5503129
0101100F03,10.327,4.255,0.230000004,13.744546,100.5503174
0101100F03,10.332,4.26,0.254999995,13.7445058,100.5503219
0101100F03,10.337,4.265,0.216666654,13.7444651,100.5503265
0101100F03,10.342,4.27,0.189999998,13.7444242,100.550331
0101100F03,10.347,4.275,0.215000004,13.7443835,100.5503356
0101100F03,10.352,4.28,0.206666663,13.7443422,100.5503402
0101100F03,10.357,4.285,0.223333314,13.744301,100.5503448
0101100F03,10.362,4.29,0.200000003,13.7442596,100.5503495
0101100F03,10.367,4.295,0.216666654,13.7442182,100.5503541
0101100F03,10.372,4.3,0.206666663,13.7441772,100.5503587
0101100F03,10.377,4.305,0.290000021,13.7441359,100.5503633
0101100F03,10.382,4.31,0.229999989,13.7440948,100.5503679
0101100F03,10.387,4.315,0.230000004,13.744054,100.5503725
0101100F03,10.392,4.32,0.24000001,13.7440133,100.5503771
0101100F03,10.397,4.325,0.25,13.7439732,100.5503815
0101100F03,10.402,4.33,0.263333321,13.7439333,100.550386
0101100F03,10.407,4.335,0.275000006,13.7438937,100.5503904
0101100F03,10.412,4.34,0.270000011,13.7438548,100.5503948
0101100F03,10.417,4.345,0.25333333,13.7438158,100.5503992
0101100F03,10.422,4.35,0.234999999,13.743777,100.5504035
0101100F03,10.427,4.355,0.264999986,13.7437384,100.5504078
0101100F03,10.432,4.36,0.293333322,13.7436995,100.5504122
0101100F03,10.437,4.365,0.25666666,13.7436606,100.5504165
0101100F03,10.442,4.37,0.25999999,13.7436218,100.5504209
0101100F03,10.447,4.375,0.209999993,13.7435829,100.5504252
0101100F03,10.452,4.38,0.429999977,13.7435442,100.5504296
0101100F03,10.457,4.385,0.715000033,13.7435056,100.5504339
0101100F03,10.462,4.39,0.269999981,13.7434672,100.5504382
0101100F03,10.467,4.395,0.326666683,13.7434051,100.5504452
0101100F03,10.472,4.4,0.50999999,13.7433373,100.5504528
0101100F03,10.477,4.405,0.245000005,13.7432889,100.550459
0101100F03,10.482,4.41,0.25,13.7432441,100.5504648
0101100F03,10.487,4.415,0.275000006,13.7431991,100.5504706
0101100F03,10.492,4.42,0.314999998,13.7431545,100.5504765
0101100F03,10.497,4.425,0.313333303,13.7431097,100.5504823
0101100F03,10.502,4.43,0.290000021,13.743065,100.5504881
0101100F03,10.507,4.435,0.275000006,13.7430207,100.5504939
0101100F03,10.512,4.44,0.266666651,13.7429765,100.5504996
0101100F03,10.517,4.445,0.245000005,13.7429323,100.5505054
0101100F03,10.522,4.45,0.25,13.7428886,100.5505111
0101100F03,10.527,4.455,0.24666667,13.742845,100.5505168
0101100F03,10.532,4.46,0.25333333,13.7428017,100.5505224
0101100F03,10.537,4.465,0.25999999,13.7427548,100.5505271
0101100F03,10.542,4.47,0.24333334,13.7427076,100.5505316
0101100F03,10.547,4.475,0.200000003,13.7426608,100.5505362
0101100F03,10.552,4.48,0.245000005,13.7426155,100.5505383
0101100F03,10.557,4.485,0.224999994,13.7425706,100.5505399
0101100F03,10.562,4.49,0.220000014,13.7425263,100.5505415
0101100F03,10.567,4.495,0.185000002,13.742481,100.5505444
0101100F03,10.572,4.5,0.204999998,13.7424355,100.5505478
0101100F03,10.577,4.505,0.216666654,13.7423904,100.5505513
0101100F03,10.582,4.51,0.239999995,13.7423451,100.5505575
0101100F03,10.587,4.515,0.194999993,13.7423001,100.5505662
0101100F03,10.592,4.52,0.180000007,13.7422549,100.550575
0101100F03,10.597,4.525,0.199999988,13.74221,100.5505829
0101100F03,10.602,4.53,0.234999999,13.7421655,100.5505891
0101100F03,10.607,4.535,0.203333333,13.7421208,100.5505953
0101100F03,10.612,4.54,0.186666667,13.7420762,100.5506016
0101100F03,10.617,4.545,0.194999993,13.7420314,100.5506087
0101100F03,10.622,4.55,0.209999993,13.7419864,100.5506158
0101100F03,10.627,4.555,0.196666658,13.7419419,100.5506228
0101100F03,10.632,4.56,0.164999992,13.7418967,100.5506293
0101100F03,10.637,4.565,0.180000007,13.7418517,100.5506357
0101100F03,10.642,4.57,0.160000011,13.741807,100.550642
0101100F03,10.647,4.575,0.159999996,13.7417618,100.5506474
0101100F03,10.652,4.58,0.159999996,13.7417165,100.5506519
0101100F03,10.657,4.585,0.150000006,13.7416714,100.5506564
0101100F03,10.662,4.59,0.164999992,13.7416263,100.5506609
0101100F03,10.667,4.595,0.185000002,13.7415808,100.5506656
0101100F03,10.672,4.6,0.189999998,13.7415351,100.5506704
0101100F03,10.677,4.605,0.189999998,13.7414899,100.5506751
0101100F03,10.682,4.61,0.185000002,13.7414431,100.5506828
0101100F03,10.687,4.615,0.170000002,13.7413958,100.5506914
0101100F03,10.692,4.62,0.159999996,13.7413487,100.5506999
0101100F03,10.697,4.625,0.180000007,13.7413017,100.5507083
0101100F03,10.702,4.63,0.163333341,13.7412549,100.5507168
0101100F03,10.707,4.635,0.153333336,13.7412084,100.5507252
0101100F03,10.712,4.64,0.150000006,13.7411617,100.5507336
0101100F03,10.717,4.645,0.159999996,13.7411153,100.550742
0101100F03,10.722,4.65,0.153333336,13.7410689,100.5507504
0101100F03,10.727,4.655,0.145000011,13.741023,100.5507586
0101100F03,10.732,4.66,0.166666672,13.7409777,100.5507668
0101100F03,10.737,4.665,0.180000007,13.7409332,100.5507748
0101100F03,10.742,4.67,0.189999998,13.7408893,100.5507827
0101100F03,10.747,4.675,0.173333332,13.7408459,100.5507906
0101100F03,10.752,4.68,0.189999998,13.7408036,100.5507982
0101100F03,10.757,4.685,0.215000004,13.7407615,100.5508058
0101100F03,10.762,4.69,0.224999994,13.7407199,100.5508133
0101100F03,10.767,4.695,0.213333324,13.7406786,100.5508208
0101100F03,10.772,4.7,0.200000003,13.7406373,100.5508282
0101100F03,10.777,4.705,0.209999993,13.7405967,100.5508355
0101100F03,10.782,4.71,0.223333344,13.7405559,100.5508429
0101100F03,10.787,4.715,0.230000004,13.7405149,100.5508503
0101100F03,10.792,4.72,0.224999994,13.7404706,100.5508571
0101100F03,10.797,4.725,0.223333344,13.7404255,100.550864
0101100F03,10.802,4.73,0.194999993,13.7403807,100.5508708
0101100F03,10.807,4.735,0.204999998,13.7403361,100.5508775
0101100F03,10.812,4.74,0.203333333,13.7402909,100.5508836
0101100F03,10.817,4.745,0.180000007,13.7402466,100.5508895
0101100F03,10.822,4.75,0.189999998,13.7402022,100.5508953
0101100F03,10.827,4.755,0.196666673,13.740158,100.5509012
0101100F03,10.832,4.76,0.204999998,13.7401135,100.5509066
0101100F03,10.837,4.765,0.189999998,13.7400685,100.550912
0101100F03,10.842,4.77,0.189999998,13.740024,100.5509173
0101100F03,10.847,4.775,0.189999998,13.739979,100.5509227
0101100F03,10.852,4.78,0.159999996,13.7399324,100.550926
0101100F03,10.857,4.785,0.159999996,13.7398858,100.5509287
0101100F03,10.862,4.79,0.173333332,13.7398386,100.5509314
0101100F03,10.867,4.795,0.189999998,13.7397914,100.5509341
0101100F03,10.872,4.8,0.180000007,13.739746,100.5509366
0101100F03,10.877,4.805,0.166666672,13.739701,100.5509391
0101100F03,10.882,4.81,0.189999998,13.739656,100.5509416
0101100F03,10.887,4.815,0.186666667,13.739611,100.5509441
0101100F03,10.892,4.82,0.189999998,13.7395679,100.5509509
0101100F03,10.897,4.825,0.189999998,13.7395259,100.5509603
0101100F03,10.902,4.83,0.170000002,13.7394834,100.5509699
0101100F03,10.907,4.835,0.186666667,13.7394408,100.5509794
0101100F03,10.912,4.84,0.200000003,13.7393964,100.5509852
0101100F03,10.917,4.845,0.209999993,13.7393506,100.5509888
0101100F03,10.922,4.85,0.183333337,13.7393045,100.5509924
0101100F03,10.927,4.855,0.170000002,13.7392583,100.550996
0101100F03,10.932,4.86,0.180000007,13.7392133,100.5510008
0101100F03,10.937,4.865,0.189999998,13.7391686,100.5510061
0101100F03,10.942,4.87,0.189999998,13.7391234,100.5510113
0101100F03,10.947,4.875,0.200000003,13.739078,100.5510167
0101100F03,10.952,4.88,0.170000002,13.7390331,100.5510222
0101100F03,10.957,4.885,0.175000012,13.7389878,100.5510279
0101100F03,10.962,4.89,0.185000002,13.7389421,100.5510336
0101100F03,10.967,4.895,0.196666673,13.7388968,100.5510391
0101100F03,10.972,4.9,0.204999998,13.7388524,100.5510441
0101100F03,10.977,4.905,0.209999993,13.738808,100.551049
0101100F03,10.982,4.91,0.206666663,13.7387634,100.551054
0101100F03,10.987,4.915,0.219999999,13.7387185,100.5510589
0101100F03,10.992,4.92,0.194999993,13.7386736,100.5510639
0101100F03,10.997,4.925,0.216666654,13.7386284,100.5510689
0101100F03,11.002,4.93,0.200000003,13.738583,100.5510739
0101100F03,11.007,4.935,0.175000012,13.7385388,100.5510783
0101100F03,11.012,4.94,0.176666677,13.7384942,100.5510828
0101100F03,11.017,4.945,0.193333328,13.7384497,100.5510873
0101100F03,11.022,4.95,0.209999993,13.7384049,100.5510921
0101100F03,11.027,4.955,0.206666663,13.73836,100.5510972
0101100F03,11.032,4.96,0.206666663,13.7383154,100.5511023
0101100F03,11.037,4.965,0.209999993,13.7382702,100.5511074
0101100F03,11.042,4.97,0.209999993,13.7382253,100.5511123
0101100F03,11.047,4.975,0.219999984,13.7381805,100.5511171
0101100F03,11.052,4.98,0.224999994,13.7381351,100.551122
0101100F03,11.057,4.985,0.189999998,13.7380902,100.5511271
0101100F03,11.062,4.99,0.223333344,13.7380457,100.5511325
0101100F03,11.067,4.995,0.239999995,13.738001,100.551138
0101100F03,11.072,5,0.209999993,13.7379566,100.5511434
0101100F03,11.077,5.005,0.193333328,13.737912,100.5511489
0101100F03,11.082,5.01,0.194999993,13.7378674,100.5511544
0101100F03,11.087,5.015,0.224999994,13.7378227,100.55116
0101100F03,11.092,5.02,0.219999984,13.7377777,100.551165
0101100F03,11.097,5.025,0.200000003,13.7377331,100.5511694
0101100F03,11.102,5.03,0.224999994,13.7376882,100.5511738
0101100F03,11.107,5.035,0.180000007,13.737643,100.5511784
0101100F03,11.112,5.04,0.194999993,13.7375993,100.5511838
0101100F03,11.117,5.045,0.175000012,13.7375549,100.5511894
0101100F03,11.122,5.05,0.203333333,13.7375105,100.5511949
0101100F03,11.127,5.055,0.170000002,13.7374653,100.5511993
0101100F03,11.132,5.06,0.180000007,13.7374193,100.5512034
0101100F03,11.137,5.065,0.206666663,13.7373724,100.5512076
0101100F03,11.142,5.07,0.170000002,13.7373267,100.5512128
0101100F03,11.147,5.075,0.224999994,13.7372813,100.5512184
0101100F03,11.152,5.08,0.569999993,13.7372356,100.5512241
0101100F03,11.157,5.085,0.366666675,13.7371907,100.5512289
0101100F03,11.162,5.09,0.185000002,13.7371459,100.5512334
0101100F03,11.167,5.095,0.180000007,13.7371009,100.5512378
0101100F03,11.172,5.1,0.203333333,13.737056,100.5512426
0101100F03,11.177,5.105,0.189999998,13.7370108,100.5512476
0101100F03,11.182,5.11,0.160000011,13.7369654,100.5512525
0101100F03,11.187,5.115,0.126666665,13.7369206,100.5512572
0101100F03,11.192,5.12,0.164999992,13.7368753,100.551262
0101100F03,11.197,5.125,0.180000007,13.7368301,100.5512668
0101100F03,11.202,5.13,0.176666677,13.7367853,100.5512716
0101100F03,11.207,5.135,0.194999993,13.7367405,100.5512765
0101100F03,11.212,5.14,0.140000001,13.7366951,100.5512813
0101100F03,11.217,5.145,0.219999984,13.7366495,100.5512862
0101100F03,11.222,5.15,0.219999999,13.7366045,100.551291
0101100F03,11.227,5.155,0.204999998,13.7365597,100.5512958
0101100F03,11.232,5.16,0.140000001,13.7365151,100.5513005
0101100F03,11.237,5.165,0.155000001,13.7364707,100.5513052
0101100F03,11.242,5.17,0.209999993,13.7364255,100.55131
0101100F03,11.247,5.175,0.219999984,13.7363803,100.5513148
0101100F03,11.252,5.18,0.219999999,13.7363351,100.5513197
0101100F03,11.257,5.185,0.215000004,13.7362904,100.551325
0101100F03,11.262,5.19,0.230000004,13.7362457,100.5513302
0101100F03,11.267,5.195,0.215000004,13.7362011,100.5513352
0101100F03,11.272,5.2,0.224999994,13.7361564,100.55134
0101100F03,11.277,5.205,0.196666673,13.7361118,100.5513449
0101100F03,11.282,5.21,0.164999992,13.7360667,100.5513503
0101100F03,11.287,5.215,0.170000002,13.7360217,100.5513556
0101100F03,11.292,5.22,0.119999997,13.7359765,100.5513608
0101100F03,11.297,5.225,0.170000002,13.7359314,100.5513658
0101100F03,11.302,5.23,0.210000008,13.7358864,100.5513707
0101100F03,11.307,5.235,0.226666674,13.7358363,100.5513682
0101100F03,11.312,5.24,0.216666654,13.7357846,100.5513632
0101100F03,11.317,5.245,0.234999999,13.735735,100.5513614
0101100F03,11.322,5.25,0.230000004,13.7356972,100.5513762
0101100F03,11.327,5.255,0.233333334,13.7356591,100.5513911
0101100F03,11.332,5.26,0.254999995,13.7356168,100.5513999
0101100F03,11.337,5.265,0.25666666,13.7355719,100.5514048
0101100F03,11.342,5.27,0.25,13.7355266,100.5514097
0101100F03,11.347,5.275,0.245000005,13.7354815,100.5514147
0101100F03,11.352,5.28,0.25,13.7354356,100.5514198
0101100F03,11.357,5.285,0.239999995,13.7353908,100.5514246
0101100F03,11.362,5.29,0.230000004,13.7353459,100.5514293
0101100F03,11.367,5.295,0.209999993,13.7353008,100.551434
0101100F03,11.372,5.3,0.213333324,13.7352556,100.5514387
0101100F03,11.377,5.305,0.189999998,13.7352104,100.5514434
0101100F03,11.382,5.31,0.234999999,13.7351654,100.5514485
0101100F03,11.387,5.315,0.230000004,13.7351206,100.5514535
0101100F03,11.392,5.32,0.230000004,13.735076,100.5514584
0101100F03,11.397,5.325,0.264999986,13.7350318,100.5514634
0101100F03,11.402,5.33,0.270000011,13.7349872,100.5514683
0101100F03,11.407,5.335,0.25999999,13.7349417,100.5514732
0101100F03,11.412,5.34,0.270000011,13.7348968,100.5514782
0101100F03,11.417,5.345,0.266666651,13.7348518,100.5514831
0101100F03,11.422,5.35,0.254999995,13.7348069,100.551488
0101100F03,11.427,5.355,0.264999986,13.7347618,100.551493
0101100F03,11.432,5.36,0.270000011,13.7347164,100.551498
0101100F03,11.437,5.365,0.264999986,13.7346712,100.551503
0101100F03,11.442,5.37,0.245000005,13.7346263,100.551508
0101100F03,11.447,5.375,0.270000011,13.7345812,100.5515131
0101100F03,11.452,5.38,0.25,13.7345365,100.5515181
0101100F03,11.457,5.385,0.209999993,13.7344915,100.5515232
0101100F03,11.462,5.39,0.173333347,13.7344467,100.5515287
0101100F03,11.467,5.395,0.159999996,13.734401,100.5515354
0101100F03,11.472,5.4,0.189999998,13.7343555,100.551542
0101100F03,11.477,5.405,0.186666667,13.7343107,100.5515469
0101100F03,11.482,5.41,0.143333331,13.7342659,100.5515515
0101100F03,11.487,5.415,0.159999996,13.7342212,100.551556
0101100F03,11.492,5.42,0.180000007,13.7341767,100.5515606
0101100F03,11.497,5.425,0.189999998,13.7341316,100.5515652
0101100F03,11.502,5.43,0.209999993,13.7340871,100.5515699
0101100F03,11.507,5.435,0.220000014,13.7340415,100.5515747
0101100F03,11.512,5.44,0.193333328,13.7339969,100.5515795
0101100F03,11.517,5.445,0.224999994,13.7339525,100.5515844
0101100F03,11.522,5.45,0.194999993,13.733908,100.551589
0101100F03,11.527,5.455,0.216666684,13.7338641,100.5515931
0101100F03,11.532,5.46,0.174999997,13.7338202,100.5515969
0101100F03,11.537,5.465,0.180000007,13.7337766,100.5515998
0101100F03,11.542,5.47,0.196666673,13.7337314,100.5516028
0101100F03,11.547,5.475,0.194999993,13.7336833,100.5516059
0101100F03,11.552,5.48,0.200000003,13.7336345,100.5516148
0101100F03,11.557,5.485,0.186666667,13.7335871,100.5516331
0101100F03,11.562,5.49,0.209999993,13.7335465,100.551631
0101100F03,11.567,5.495,0.209999993,13.7335044,100.551628
0101100F03,11.572,5.5,0.153333336,13.7334569,100.5516336
0101100F03,11.577,5.505,0.189999998,13.7334115,100.551638
0101100F03,11.582,5.51,0.219999999,13.7333663,100.5516428
0101100F03,11.587,5.515,0.269999981,13.7333214,100.5516477
0101100F03,11.592,5.52,0.180000007,13.7332761,100.5516522
0101100F03,11.597,5.525,0.199999988,13.7332314,100.5516561
0101100F03,11.602,5.53,0.219999984,13.7331859,100.5516604
0101100F03,11.607,5.535,0.199999988,13.7331412,100.5516652
0101100F03,11.612,5.54,0.200000003,13.7330968,100.5516707
0101100F03,11.617,5.545,0.219999984,13.7330516,100.5516759
0101100F03,11.622,5.55,0.209999993,13.733006,100.5516805
0101100F03,11.627,5.555,0.230000004,13.7329614,100.5516848
0101100F03,11.632,5.56,0.236666664,13.7329169,100.5516915
0101100F03,11.637,5.565,0.166666672,13.7328715,100.5516958
0101100F03,11.642,5.57,0.164999992,13.7328269,100.5517005
0101100F03,11.647,5.575,0.176666677,13.7327824,100.5517063
0101100F03,11.652,5.58,0.200000003,13.7327375,100.5517122
0101100F03,11.657,5.585,0.219999999,13.7326924,100.5517197
0101100F03,11.662,5.59,0.176666677,13.7326479,100.5517259
0101100F03,11.667,5.595,0.206666663,13.7326031,100.5517305
0101100F03,11.672,5.6,0.170000002,13.7325581,100.5517353
0101100F03,11.677,5.605,0.199999988,13.7325127,100.5517401
0101100F03,11.682,5.61,0.230000004,13.7324685,100.5517448
0101100F03,11.687,5.615,0.234999999,13.7324242,100.5517497
0101100F03,11.692,5.62,0.239999995,13.7323799,100.5517547
0101100F03,11.697,5.625,0.219999984,13.7323351,100.5517598
0101100F03,11.702,5.63,0.204999998,13.7322902,100.5517643
0101100F03,11.707,5.635,0.164999992,13.7322454,100.5517691
0101100F03,11.712,5.64,0.203333333,13.7322003,100.5517749
0101100F03,11.717,5.645,0.204999998,13.7321547,100.5517804
0101100F03,11.722,5.65,0.234999999,13.7321101,100.5517853
0101100F03,11.727,5.655,0.149999991,13.732065,100.5517898
0101100F03,11.732,5.66,0.159999996,13.7320206,100.5517939
0101100F03,11.737,5.665,0.185000002,13.7319753,100.5517984
0101100F03,11.742,5.67,0.159999996,13.7319304,100.5518029
0101100F03,11.747,5.675,0.194999993,13.7318857,100.5518087
0101100F03,11.752,5.68,0.215000004,13.7318412,100.551815
0101100F03,11.757,5.685,0.216666684,13.7317968,100.5518196
0101100F03,11.762,5.69,0.370000005,13.7317528,100.5518233
0101100F03,11.767,5.695,0.219999999,13.731708,100.5518276
0101100F03,11.772,5.7,0.196666673,13.7316627,100.5518322
0101100F03,11.777,5.705,0.213333324,13.7316175,100.551837
0101100F03,11.782,5.71,0.170000002,13.7315727,100.5518421
0101100F03,11.787,5.715,0.166666672,13.7315281,100.551847
0101100F03,11.792,5.72,0.156666666,13.7314831,100.5518516
0101100F03,11.797,5.725,0.189999998,13.7314382,100.5518562
0101100F03,11.802,5.73,0.176666677,13.7313931,100.5518612
0101100F03,11.807,5.735,0.180000007,13.7313478,100.5518662
0101100F03,11.812,5.74,0.170000002,13.7313036,100.5518713
0101100F03,11.817,5.745,0.200000003,13.7312587,100.5518765
0101100F03,11.822,5.75,0.193333328,13.7312137,100.5518815
0101100F03,11.827,5.755,0.230000004,13.7311683,100.5518864
0101100F03,11.832,5.76,0.215000004,13.7311234,100.5518911
0101100F03,11.837,5.765,0.223333344,13.7310779,100.5518958
0101100F03,11.842,5.77,0.239999995,13.7310331,100.5519005
0101100F03,11.847,5.775,0.25,13.730987,100.5519055
0101100F03,11.852,5.78,0.230000004,13.7309437,100.5519107
0101100F03,11.857,5.785,0.215000004,13.7308945,100.5519146
0101100F03,11.862,5.79,0.25,13.7308316,100.5519131
0101100F03,11.867,5.795,0.25666666,13.7308042,100.5519252
0101100F03,11.872,5.8,0.254999995,13.730762,100.5519308
0101100F03,11.877,5.805,0.239999995,13.7307167,100.5519352
0101100F03,11.881,5.81,0.25333333,13.7306715,100.5519402
0101100F03,11.888,5.815,0.230000004,13.7306261,100.5519454
0101100F03,11.892,5.82,0.234999999,13.7305817,100.5519496
0101100F03,11.897,5.825,0.24666667,13.7305372,100.551955
0101100F03,11.902,5.83,0.234999999,13.730492,100.5519593
0101100F03,11.907,5.835,0.25,13.7304473,100.5519638
0101100F03,11.912,5.84,0.270000011,13.730402,100.5519689
0101100F03,11.917,5.845,0.25,13.7303564,100.5519753
0101100F03,11.922,5.85,0.234999999,13.7303176,100.5519778
0101100F03,11.927,5.855,0.24666667,13.730272,100.5519835
0101100F03,11.932,5.86,0.263333321,13.7302248,100.5519895
0101100F03,11.937,5.865,0.270000011,13.7301793,100.5519955
0101100F03,11.942,5.87,0.25333333,13.7301336,100.5520013
0101100F03,11.947,5.875,0.296666652,13.7300888,100.5520056
0101100F03,11.952,5.88,0.275000006,13.7300441,100.5520108
0101100F03,11.957,5.885,0.25999999,13.7299991,100.5520157
0101100F03,11.962,5.89,0.270000011,13.7299544,100.5520205
0101100F03,11.967,5.895,0.239999995,13.72991,100.5520256
0101100F03,11.972,5.9,0.483333349,13.729865,100.5520302
0101100F03,11.977,5.905,0.209999993,13.7298195,100.5520356
0101100F03,11.982,5.91,0.224999994,13.7297749,100.5520405
0101100F03,11.987,5.915,0.219999999,13.7297296,100.552045
0101100F03,11.992,5.92,0.223333314,13.7296846,100.5520494
0101100F03,11.997,5.925,0.219999999,13.7296394,100.552054
0101100F03,12.002,5.93,0.219999999,13.7295942,100.5520594
0101100F03,12.007,5.935,0.233333334,13.72955,100.5520637
0101100F03,12.012,5.94,0.234999999,13.7295041,100.5520687
0101100F03,12.017,5.945,0.189999998,13.7294596,100.5520732
0101100F03,12.022,5.95,0.213333324,13.729415,100.5520787
0101100F03,12.027,5.955,0.219999999,13.7293703,100.5520841
0101100F03,12.032,5.96,0.210000008,13.7293249,100.5520894
0101100F03,12.037,5.965,0.226666674,13.7292801,100.5520941
0101100F03,12.042,5.97,0.209999993,13.7292358,100.5520987
0101100F03,12.047,5.975,0.224999994,13.7291904,100.5521035
0101100F03,12.052,5.98,0.230000004,13.7291449,100.5521087
0101100F03,12.057,5.985,0.219999999,13.7291012,100.5521137
0101100F03,12.062,5.99,0.209999993,13.7290569,100.5521186
0101100F03,12.067,5.995,0.203333333,13.7290114,100.552124
0101100F03,12.072,6,0.193333328,13.7289665,100.5521296
0101100F03,12.077,6.005,0.189999998,13.7289215,100.552135
0101100F03,12.082,6.01,0.183333337,13.7288771,100.5521401
0101100F03,12.087,6.015,0.180000007,13.7288319,100.552145
0101100F03,12.092,6.02,0.194999993,13.7287878,100.5521494
0101100F03,12.097,6.025,0.176666677,13.7287441,100.5521532
0101100F03,12.102,6.03,0.206666663,13.7286996,100.5521588
0101100F03,12.107,6.035,0.209999993,13.7286542,100.5521662
0101100F03,12.112,6.04,0.153333336,13.7286094,100.5521725
0101100F03,12.117,6.045,0.170000002,13.7285643,100.5521776
0101100F03,12.122,6.05,0.200000003,13.72852,100.5521828
0101100F03,12.127,6.055,0.233333334,13.7284751,100.5521886
0101100F03,12.132,6.06,0.199999988,13.7284309,100.5521943
0101100F03,12.137,6.065,0.200000003,13.7283861,100.5521999
0101100F03,12.142,6.07,0.209999993,13.7283409,100.5522055
0101100F03,12.147,6.075,0.230000004,13.7282961,100.5522109
0101100F03,12.152,6.08,0.25999999,13.7282515,100.5522161
0101100F03,12.157,6.085,0.25999999,13.7282065,100.5522214
0101100F03,12.162,6.09,0.263333321,13.7281613,100.5522268
0101100F03,12.167,6.095,0.280000001,13.7281168,100.5522314
0101100F03,12.172,6.1,0.219999999,13.7280725,100.5522336
0101100F03,12.177,6.105,0.239999995,13.7280292,100.5522357
0101100F03,12.182,6.11,0.254999995,13.7279843,100.5522407
0101100F03,12.187,6.115,0.264999986,13.7279397,100.552246
0101100F03,12.192,6.12,0.25,13.7278949,100.5522513
0101100F03,12.197,6.125,0.254999995,13.7278498,100.5522566
0101100F03,12.202,6.13,0.270000011,13.7278055,100.5522617
0101100F03,12.207,6.135,0.24666667,13.7277603,100.5522671
0101100F03,12.212,6.14,0.239999995,13.7277154,100.5522726
0101100F03,12.217,6.145,0.284999996,13.7276707,100.5522779
0101100F03,12.222,6.15,0.273333341,13.7276259,100.5522832
0101100F03,12.227,6.155,0.293333322,13.7275813,100.5522885
0101100F03,12.232,6.16,0.254999995,13.7275365,100.5522935
0101100F03,12.237,6.165,0.239999995,13.7274915,100.5522984
0101100F03,12.242,6.17,0.24666667,13.7274466,100.5523033
0101100F03,12.247,6.175,0.25999999,13.7274014,100.5523081
0101100F03,12.252,6.18,0.239999995,13.7273563,100.5523129
0101100F03,12.257,6.185,0.219999984,13.7273114,100.5523177
0101100F03,12.262,6.19,0.224999994,13.7272662,100.5523224
0101100F03,12.267,6.195,0.270000011,13.7272212,100.5523272
0101100F03,12.272,6.2,0.270000011,13.7271764,100.5523317
0101100F03,12.277,6.205,0.245000005,13.7271312,100.552336
0101100F03,12.282,6.21,0.230000004,13.7270863,100.5523404
0101100F03,12.287,6.215,0.220000014,13.7270414,100.5523453
0101100F03,12.292,6.22,0.254999995,13.7269966,100.5523503
0101100F03,12.297,6.225,0.270000011,13.7269518,100.5523553
0101100F03,12.302,6.23,0.273333341,13.7269067,100.5523596
0101100F03,12.307,6.235,0.270000011,13.7268614,100.5523638
0101100F03,12.312,6.24,0.224999994,13.7268165,100.5523681
0101100F03,12.317,6.245,0.25333333,13.7267715,100.5523724
0101100F03,12.322,6.25,0.245000005,13.7267264,100.5523767
0101100F03,12.327,6.255,0.25999999,13.7266816,100.552381
0101100F03,12.332,6.26,0.270000011,13.7266366,100.5523853
0101100F03,12.337,6.265,0.25999999,13.7265908,100.5523897
0101100F03,12.342,6.27,0.245000005,13.7265467,100.5523934
0101100F03,12.347,6.275,0.24000001,13.7265016,100.552397
0101100F03,12.352,6.28,0.245000005,13.7264555,100.5524007
0101100F03,12.357,6.285,0.204999998,13.7264111,100.5524043
0101100F03,12.362,6.29,0.236666664,13.7263633,100.5524081
0101100F03,12.367,6.295,0.25,13.72632,100.5524103
0101100F03,12.372,6.3,0.270000011,13.7262747,100.5524128
0101100F03,12.377,6.305,0.266666681,13.7262303,100.5524159
0101100F03,12.382,6.31,0.230000004,13.7261847,100.5524186
0101100F03,12.387,6.315,0.230000004,13.7261399,100.552421
0101100F03,12.392,6.32,0.25,13.7260934,100.5524244
0101100F03,12.397,6.325,0.203333333,13.7260481,100.5524278
0101100F03,12.402,6.33,0.200000003,13.7260033,100.5524316
0101100F03,12.407,6.335,0.189999998,13.7259589,100.5524355
0101100F03,12.412,6.34,0.170000002,13.7259134,100.5524399
0101100F03,12.417,6.345,0.189999998,13.7258688,100.5524442
0101100F03,12.422,6.35,0.196666673,13.7258237,100.5524483
0101100F03,12.427,6.355,0.173333347,13.7257799,100.5524524
0101100F03,12.432,6.36,0.204999998,13.7257337,100.5524579
0101100F03,12.437,6.365,0.189999998,13.7256888,100.5524632
0101100F03,12.442,6.37,0.209999993,13.7256437,100.5524676
0101100F03,12.447,6.375,0.200000003,13.7255991,100.5524715
0101100F03,12.452,6.38,0.230000004,13.7255551,100.5524753
0101100F03,12.457,6.385,0.213333324,13.7255096,100.5524786
0101100F03,12.462,6.39,0.194999993,13.7254652,100.5524819
0101100F03,12.467,6.395,0.215000004,13.7254208,100.5524854
0101100F03,12.472,6.4,0.233333334,13.725376,100.5524893
0101100F03,12.477,6.405,0.230000004,13.7253318,100.5524931
0101100F03,12.482,6.41,0.230000004,13.7252871,100.5524968
0101100F03,12.487,6.415,0.24333334,13.7252424,100.5525002
0101100F03,12.492,6.42,0.219999999,13.7251975,100.5525037
0101100F03,12.497,6.425,0.239999995,13.7251522,100.5525072
0101100F03,12.502,6.43,0.213333324,13.725107,100.5525106
0101100F03,12.507,6.435,0.230000004,13.7250621,100.5525141
0101100F03,12.512,6.44,0.224999994,13.7250167,100.5525177
0101100F03,12.517,6.445,0.236666664,13.7249716,100.5525214
0101100F03,12.522,6.45,0.25999999,13.7249269,100.552525
0101100F03,12.527,6.455,0.175000012,13.724882,100.5525284
0101100F03,12.532,6.46,0.233333334,13.7248371,100.5525316
0101100F03,12.537,6.465,0.230000004,13.7247927,100.5525347
0101100F03,12.542,6.47,0.209999993,13.7247481,100.5525382
0101100F03,12.547,6.475,0.223333314,13.7247033,100.552542
0101100F03,12.552,6.48,0.209999993,13.7246588,100.5525457
0101100F03,12.557,6.485,0.200000003,13.7246144,100.5525492
0101100F03,12.562,6.49,0.219999984,13.7245693,100.5525526
0101100F03,12.567,6.495,0.183333337,13.7245247,100.5525558
0101100F03,12.572,6.5,0.185000002,13.72448,100.5525592
0101100F03,12.577,6.505,0.196666658,13.7244352,100.5525627
0101100F03,12.582,6.51,0.203333333,13.7243907,100.5525663
0101100F03,12.587,6.515,0.170000002,13.7243464,100.5525698
0101100F03,12.592,6.52,0.24333334,13.7243015,100.5525737
0101100F03,12.597,6.525,0.230000004,13.7242566,100.5525777
0101100F03,12.602,6.53,0.219999999,13.7242117,100.5525818
0101100F03,12.607,6.535,0.200000003,13.724167,100.5525857
0101100F03,12.612,6.54,0.216666684,13.724122,100.5525895
0101100F03,12.617,6.545,0.234999999,13.7240773,100.5525932
0101100F03,12.622,6.55,0.200000003,13.7240329,100.5525968
0101100F03,12.627,6.555,0.25333333,13.7239881,100.5526005
0101100F03,12.632,6.56,0.245000005,13.7239432,100.5526042
0101100F03,12.637,6.565,0.25,13.7238984,100.5526079
0101100F03,12.642,6.57,0.236666664,13.7238536,100.5526116
0101100F03,12.647,6.575,0.224999994,13.7238089,100.5526155
0101100F03,12.652,6.58,0.200000003,13.7237643,100.5526195
0101100F03,12.657,6.585,0.25,13.7237192,100.5526235
0101100F03,12.662,6.59,0.234999999,13.7236745,100.5526277
0101100F03,12.667,6.595,0.200000003,13.7236296,100.5526321
0101100F03,12.672,6.6,0.209999993,13.7235839,100.5526366
0101100F03,12.677,6.605,0.219999999,13.7235384,100.552641
0101100F03,12.682,6.61,0.229999989,13.7234937,100.552645
0101100F03,12.687,6.615,0.216666654,13.7234483,100.5526491
0101100F03,12.692,6.62,0.219999984,13.7234027,100.5526533
0101100F03,12.697,6.625,0.264999986,13.7233592,100.5526582
0101100F03,12.702,6.63,0.209999993,13.7233141,100.5526633
0101100F03,12.707,6.635,0.230000004,13.7232671,100.5526686
0101100F03,12.712,6.64,0.224999994,13.7232233,100.5526734
0101100F03,12.717,6.645,0.289999992,13.7231763,100.5526785
0101100F03,12.722,6.65,0.190000013,13.7231317,100.5526833
0101100F03,12.727,6.655,0.164999992,13.7230861,100.5526883
0101100F03,12.732,6.66,0.163333341,13.7230416,100.5526936
0101100F03,12.737,6.665,0.166666672,13.722996,100.5526993
0101100F03,12.742,6.67,0.189999998,13.7229506,100.5527045
0101100F03,12.747,6.675,0.189999998,13.7229053,100.5527097
0101100F03,12.752,6.68,0.189999998,13.7228609,100.5527146
0101100F03,12.757,6.685,0.170000002,13.7228163,100.5527196
0101100F03,12.762,6.69,0.180000007,13.7227701,100.5527248
0101100F03,12.767,6.695,0.163333341,13.7227244,100.5527293
0101100F03,12.772,6.7,0.210000008,13.7226797,100.5527341
0101100F03,12.776,6.705,0.215000004,13.7226344,100.5527386
0101100F03,12.782,6.71,0.189999998,13.7225892,100.5527434
0101100F03,12.787,6.715,0.159999996,13.7225441,100.5527472
0101100F03,12.792,6.72,0.175000012,13.7224985,100.5527519
0101100F03,12.797,6.725,0.173333332,13.722454,100.5527554
0101100F03,12.802,6.73,0.155000001,13.7224091,100.5527602
0101100F03,12.807,6.735,0.159999996,13.7223644,100.5527657
0101100F03,12.812,6.74,0.170000002,13.7223193,100.5527714
0101100F03,12.817,6.745,0.185000002,13.7222746,100.5527779
0101100F03,12.822,6.75,0.189999998,13.7222299,100.552783
0101100F03,12.827,6.755,0.206666663,13.7221853,100.5527888
0101100F03,12.832,6.76,0.204999998,13.7221406,100.5527936
0101100F03,12.837,6.765,0.189999998,13.7220957,100.5527983
0101100F03,12.842,6.77,0.200000003,13.7220506,100.552803
0101100F03,12.847,6.775,0.209999993,13.7220056,100.552807
0101100F03,12.852,6.78,0.194999993,13.7219603,100.5528117
0101100F03,12.857,6.785,0.176666677,13.7219153,100.5528162
0101100F03,12.862,6.79,0.189999998,13.7218702,100.5528214
0101100F03,12.867,6.795,0.234999999,13.7218256,100.5528256
0101100F03,12.872,6.8,0.230000004,13.7217804,100.5528303
0101100F03,12.877,6.805,0.219999984,13.7217353,100.5528356
0101100F03,12.882,6.81,0.204999998,13.7216908,100.5528415
0101100F03,12.887,6.815,0.213333324,13.7216459,100.5528468
0101100F03,12.892,6.82,0.186666667,13.7216011,100.552852
0101100F03,12.897,6.825,0.224999994,13.7215561,100.5528575
0101100F03,12.902,6.83,0.215000004,13.7215111,100.5528629
0101100F03,12.907,6.835,0.193333328,13.7214667,100.5528677
0101100F03,12.912,6.84,0.145000011,13.7214216,100.5528721
0101100F03,12.917,6.845,0.185000002,13.7213763,100.5528763
0101100F03,12.922,6.85,0.193333328,13.7213311,100.5528812
0101100F03,12.927,6.855,0.219999999,13.7212865,100.5528854
0101100F03,12.932,6.86,0.215000004,13.7212414,100.5528904
0101100F03,12.937,6.865,0.196666673,13.7211966,100.552895
0101100F03,12.942,6.87,0.189999998,13.7211518,100.5528999
0101100F03,12.947,6.875,0.215000004,13.7211069,100.5529061
0101100F03,12.952,6.88,0.219999984,13.7210619,100.5529129
0101100F03,12.957,6.885,0.175000012,13.7210178,100.5529181
0101100F03,12.961,6.89,0.150000006,13.7209727,100.5529226
0101100F03,12.967,6.895,0.186666667,13.7209276,100.5529278
0101100F03,12.972,6.9,0.194999993,13.7208835,100.5529335
0101100F03,12.977,6.905,0.194999993,13.7208393,100.5529368
0101100F03,12.982,6.91,0.196666658,13.7207929,100.552941
0101100F03,12.987,6.915,0.105000004,13.7207473,100.5529475
0101100F03,12.992,6.92,0.165000007,13.7207021,100.5529534
0101100F03,12.997,6.925,0.173333332,13.7206572,100.5529581
0101100F03,13.002,6.93,0.196666658,13.720613,100.5529627
0101100F03,13.007,6.935,0.204999998,13.7205676,100.5529672
0101100F03,13.011,6.94,0.223333344,13.7205242,100.55297
0101100F03,13.016,6.945,0.219999984,13.7204784,100.552975
0101100F03,13.022,6.95,0.215000004,13.7204274,100.5529699
0101100F03,13.027,6.955,0.239999995,13.7203826,100.5529759
0101100F03,13.032,6.96,0.213333324,13.7203344,100.552985
0101100F03,13.037,6.965,0.209999993,13.7202923,100.552986
0101100F03,13.041,6.97,0.226666674,13.7202475,100.5529897
0101100F03,13.047,6.975,0.24000001,13.7202019,100.5529945
0101100F03,13.052,6.98,0.210000008,13.7201571,100.5529992
0101100F03,13.057,6.985,0.234999999,13.7201148,100.5530061
0101100F03,13.062,6.99,0.230000004,13.7200733,100.553016
0101100F03,13.066,6.995,0.239999995,13.720029,100.5530219
0101100F03,13.071,7,0.219999999,13.719984,100.5530271
0101100F03,13.078,7.005,0.189999998,13.7199371,100.5530334
0101100F03,13.082,7.01,0.194999993,13.7198944,100.5530337
0101100F03,13.087,7.015,0.219999999,13.7198468,100.5530474
0101100F03,13.092,7.02,0.203333333,13.7198021,100.5530537
0101100F03,13.097,7.025,0.215000004,13.7197572,100.5530607
0101100F03,13.102,7.03,0.209999993,13.7197133,100.5530625
0101100F03,13.107,7.035,0.203333333,13.7196692,100.5530701
0101100F03,13.112,7.04,0.204999998,13.7196252,100.5530785
0101100F03,13.116,7.045,0.199999988,13.7195812,100.553087
0101100F03,13.121,7.05,0.189999998,13.7195369,100.5530963
0101100F03,13.127,7.055,0.194999993,13.7194918,100.553106
0101100F03,13.132,7.06,0.189999998,13.7194458,100.5531169
0101100F03,13.136,7.065,0.206666663,13.719403,100.5531274
0101100F03,13.142,7.07,0.215000004,13.7193592,100.5531402
0101100F03,13.147,7.075,0.200000003,13.7193154,100.5531532
0101100F03,13.152,7.08,0.196666658,13.7192723,100.5531669
0101100F03,13.157,7.085,0.170000002,13.7192302,100.553181
0101100F03,13.162,7.09,0.189999998,13.7191874,100.5531959
0101100F03,13.167,7.095,0.173333347,13.7191454,100.5532114
0101100F03,13.172,7.1,0.176666677,13.7191021,100.553228
0101100F03,13.177,7.105,0.155000001,13.7190606,100.5532447
0101100F03,13.182,7.11,0.200000003,13.7190187,100.5532622
0101100F03,13.187,7.115,0.189999998,13.7189773,100.5532799
0101100F03,13.192,7.12,0.180000007,13.7189359,100.5532985
0101100F03,13.197,7.125,0.173333347,13.7188953,100.5533179
0101100F03,13.202,7.13,0.216666654,13.7188549,100.5533385
0101100F03,13.207,7.135,0.219999999,13.7188147,100.5533544
0101100F03,13.212,7.14,0.230000004,13.7187751,100.5533849
0101100F03,13.217,7.145,0.209999993,13.7187355,100.5534076
0101100F03,13.222,7.15,0.215000004,13.718696,100.5534323
0101100F03,13.227,7.155,0.219999999,13.7186576,100.5534556
0101100F03,13.232,7.16,0.209999993,13.718619,100.5534798
0101100F03,13.237,7.165,0.189999998,13.7185809,100.5535044
0101100F03,13.242,7.17,0.219999999,13.7185436,100.5535299
0101100F03,13.247,7.175,0.223333344,13.718507,100.5535573
0101100F03,13.252,7.18,0.245000005,13.7184705,100.5535851
0101100F03,13.257,7.185,0.25999999,13.718435,100.5536131
0101100F03,13.261,7.19,0.24333334,13.7184002,100.5536412
0101100F03,13.266,7.195,0.245000005,13.7183642,100.5536701
0101100F03,13.272,7.2,0.270000011,13.7183297,100.5537011
0101100F03,13.277,7.205,0.25,13.718297,100.5537321
0101100F03,13.282,7.21,0.25,13.7182636,100.5537599
0101100F03,13.287,7.215,0.264999986,13.7182323,100.5537924
0101100F03,13.292,7.22,0.206666663,13.7182032,100.5538275
0101100F03,13.297,7.225,0.270000011,13.7181754,100.5538633
0101100F03,13.301,7.23,0.275000006,13.7181493,100.5538996
0101100F03,13.307,7.235,0.24000001,13.718123,100.5539381
0101100F03,13.312,7.24,0.213333324,13.7180961,100.5539745
0101100F03,13.317,7.245,0.189999998,13.7180682,100.5540117
0101100F03,13.322,7.25,0.226666644,13.7180402,100.5540475
0101100F03,13.327,7.255,0.24333334,13.718012,100.5540834
0101100F03,13.332,7.26,0.270000011,13.717983,100.5541184
0101100F03,13.337,7.265,0.266666651,13.7179548,100.5541546
0101100F03,13.342,7.27,0.25,13.7179263,100.5541907
0101100F03,13.347,7.275,0.200000003,13.7178986,100.5542269
0101100F03,13.352,7.28,0.200000003,13.7178717,100.5542635
0101100F03,13.357,7.285,0.189999998,13.717844,100.554301
0101100F03,13.361,7.29,0.175000012,13.7178174,100.5543368
0101100F03,13.367,7.295,0.159999996,13.7177903,100.5543744
0101100F03,13.372,7.3,0.159999996,13.7177537,100.5544048
0101100F03,13.377,7.305,0.180000007,13.7177266,100.5544415
0101100F03,13.382,7.31,0.189999998,13.7176997,100.5544791
0101100F03,13.387,7.315,0.176666662,13.7176728,100.5545164
0101100F03,13.392,7.32,0.175000012,13.7176452,100.554554
0101100F03,13.397,7.325,0.150000006,13.7176201,100.5545919
0101100F03,13.402,7.33,0.13666667,13.7175963,100.5546319
0101100F03,13.407,7.335,0.125,13.7175662,100.5546659
0101100F03,13.412,7.34,0.13499999,13.7175413,100.5547049
0101100F03,13.417,7.345,0.153333336,13.7175172,100.5547441
0101100F03,13.422,7.35,0.164999992,13.7174903,100.5547807
0101100F03,13.427,7.355,0.189999998,13.7174673,100.5548211
0101100F03,13.432,7.36,0.186666667,13.7174437,100.5548607
0101100F03,13.437,7.365,0.180000007,13.7174165,100.5548977
0101100F03,13.442,7.37,0.210000008,13.7173899,100.5549353
0101100F03,13.447,7.375,0.220000014,13.7173643,100.5549717
0101100F03,13.452,7.38,0.254999995,13.71734,100.5550069
0101100F03,13.457,7.385,0.224999994,13.7173157,100.5550432
0101100F03,13.462,7.39,0.226666674,13.7172936,100.555081
0101100F03,13.467,7.395,0.263333321,13.7172679,100.5551256
0101100F03,13.472,7.4,0.275000006,13.7172416,100.5551571
0101100F03,13.477,7.405,0.230000004,13.7172131,100.5551899
0101100F03,13.482,7.41,0.216666654,13.7171825,100.5552251
0101100F03,13.487,7.415,0.209999993,13.717151,100.5552612
0101100F03,13.492,7.42,0.186666667,13.7171189,100.5552982
0101100F03,13.497,7.425,0.193333328,13.717088,100.555352
0101100F03,13.502,7.43,0.209999993,13.7170652,100.5553974
0101100F03,13.507,7.435,0.230000004,13.7170419,100.5554362
0101100F03,13.512,7.44,0.209999993,13.7170178,100.5554715
0101100F03,13.517,7.445,0.189999998,13.7169933,100.5555113
0101100F03,13.522,7.45,0.189999998,13.7169693,100.5555533
0101100F03,13.527,7.455,0.170000002,13.7169494,100.5555849
0101100F03,13.532,7.46,0.209999993,13.716925,100.555619
0101100F03,13.537,7.465,0.194999993,13.7168992,100.555655
0101100F03,13.542,7.47,0.213333324,13.7168759,100.5556941
0101100F03,13.547,7.475,0.254999995,13.7168518,100.5557311
0101100F03,13.552,7.48,0.239999995,13.7168279,100.5557683
0101100F03,13.557,7.485,0.220000014,13.7168053,100.555808
0101100F03,13.562,7.49,0.200000003,13.716786,100.5558534
0101100F03,13.567,7.495,0.204999998,13.7167657,100.5558959
0101100F03,13.572,7.5,0.196666673,13.7167432,100.5559347
0101100F03,13.577,7.505,0.189999998,13.7167204,100.5559742
0101100F03,13.582,7.51,0.155000001,13.7166928,100.5560116
0101100F03,13.587,7.515,0.189999998,13.7166599,100.556047
0101100F03,13.592,7.52,0.175000012,13.7166326,100.5560776
0101100F03,13.597,7.525,0.194999993,13.716614,100.5561174
0101100F03,13.602,7.53,0.186666667,13.716607,100.5561697
0101100F03,13.607,7.535,0.189999998,13.716588,100.5562124
0101100F03,13.612,7.54,0.189999998,13.7165673,100.5562535
0101100F03,13.617,7.545,0.189999998,13.7165467,100.5562945
0101100F03,13.622,7.55,0.183333337,13.7165263,100.5563349
0101100F03,13.627,7.555,0.204999998,13.7165053,100.5563764
0101100F03,13.632,7.56,0.226666674,13.7164844,100.5564179
0101100F03,13.636,7.565,0.216666654,13.7164618,100.5564596
0101100F03,13.642,7.57,0.219999999,13.7164426,100.5564995
0101100F03,13.647,7.575,0.230000004,13.7164214,100.5565399
0101100F03,13.652,7.58,0.230000004,13.7163998,100.5565809
0101100F03,13.657,7.585,0.215000004,13.716378,100.5566204
0101100F03,13.662,7.59,0.25666666,13.7163558,100.5566599
0101100F03,13.667,7.595,0.24666667,13.716329,100.5566962
0101100F03,13.671,7.6,0.25999999,13.7163058,100.5567346
