Section,Distance (km),Sub Distance (km),GNaverage,Latitude,Longtitude
0101100R01,24.661,7.6,0.234999999,13.716201,100.5566844
0101100R01,24.663,7.595,0.215000004,13.7162221,100.5566427
0101100R01,24.668,7.59,0.276666671,13.7162429,100.5566018
0101100R01,24.673,7.585,0.233333334,13.7162638,100.5565613
0101100R01,24.678,7.58,0.234999999,13.7162847,100.5565208
0101100R01,24.683,7.575,0.24333334,13.7163055,100.5564805
0101100R01,24.688,7.57,0.233333334,13.7163263,100.5564405
0101100R01,24.693,7.565,0.239999995,13.7163472,100.5564003
0101100R01,24.698,7.56,0.270000011,13.7163681,100.5563598
0101100R01,24.703,7.555,0.25333333,13.7163887,100.5563187
0101100R01,24.708,7.55,0.245000005,13.7164093,100.5562774
0101100R01,24.713,7.545,0.355000019,13.7164301,100.556236
0101100R01,24.718,7.54,0.370000005,13.7164514,100.5561948
0101100R01,24.723,7.535,0.305000007,13.7164727,100.5561533
0101100R01,24.728,7.53,0.314999998,13.7164939,100.5561122
0101100R01,24.733,7.525,0.236666679,13.716515,100.5560708
0101100R01,24.738,7.52,0.540000021,13.716536,100.5560293
0101100R01,24.743,7.515,0.529999971,13.7165572,100.5559878
0101100R01,24.748,7.51,0.330000013,13.7165787,100.5559481
0101100R01,24.753,7.505,0.303333342,13.7166001,100.5559086
0101100R01,24.758,7.5,0.295000017,13.7166216,100.5558688
0101100R01,24.763,7.495,0.88499999,13.7166428,100.555828
0101100R01,24.768,7.49,0.733333349,13.7166639,100.5557876
0101100R01,24.773,7.485,0.360000014,13.7166851,100.5557468
0101100R01,24.778,7.48,0.330000013,13.7167066,100.5557057
0101100R01,24.783,7.475,0.326666683,13.716728,100.555665
0101100R01,24.788,7.47,0.330000013,13.7167495,100.5556239
0101100R01,24.793,7.465,0.50999999,13.7167714,100.5555822
0101100R01,24.798,7.46,0.386666685,13.7167932,100.5555406
0101100R01,24.803,7.455,0.306666672,13.716815,100.555499
0101100R01,24.808,7.45,0.314999998,13.716839,100.5554583
0101100R01,24.813,7.445,0.533333361,13.716863,100.5554177
0101100R01,24.818,7.44,1.200000048,13.7168872,100.555377
0101100R01,24.823,7.435,0.329999983,13.716912,100.5553376
0101100R01,24.828,7.43,0.280000001,13.7169367,100.5552983
0101100R01,24.833,7.425,0.303333342,13.7169615,100.5552589
0101100R01,24.838,7.42,0.305000007,13.7169839,100.5552215
0101100R01,24.843,7.415,0.25,13.7170059,100.5551843
0101100R01,24.848,7.41,0.346666664,13.717028,100.555147
0101100R01,24.853,7.405,0.344999999,13.7170541,100.5551095
0101100R01,24.858,7.4,0.349999994,13.7170809,100.5550717
0101100R01,24.863,7.395,0.343333334,13.7171079,100.5550338
0101100R01,24.868,7.39,0.273333311,13.7171329,100.5549962
0101100R01,24.873,7.385,0.314999998,13.7171577,100.5549585
0101100R01,24.878,7.38,0.306666642,13.7171663,100.5549454
0101100R01,24.883,7.375,0.316666663,13.7171913,100.554908
0101100R01,24.888,7.37,0.314999998,13.7172178,100.5548704
0101100R01,24.893,7.365,0.295000017,13.717244,100.5548333
0101100R01,24.898,7.36,0.296666652,13.7172702,100.5547963
0101100R01,24.903,7.355,0.284999996,13.7172981,100.5547572
0101100R01,24.908,7.35,0.289999992,13.7173256,100.5547186
0101100R01,24.913,7.345,0.270000011,13.717353,100.5546801
0101100R01,24.918,7.34,0.284999996,13.7173805,100.5546416
0101100R01,24.923,7.335,0.275000006,13.7174076,100.5546035
0101100R01,24.928,7.33,0.296666652,13.7174347,100.5545655
0101100R01,24.933,7.325,0.299999982,13.717462,100.5545272
0101100R01,24.938,7.32,0.289999992,13.7174889,100.5544894
0101100R01,24.943,7.315,0.303333312,13.7175161,100.5544513
0101100R01,24.948,7.31,0.299999982,13.717544,100.554415
0101100R01,24.953,7.305,0.319999993,13.7175727,100.5543815
0101100R01,24.958,7.3,0.335000008,13.7176017,100.5543476
0101100R01,24.963,7.295,0.306666642,13.7176305,100.554314
0101100R01,24.968,7.29,0.330000013,13.7176595,100.5542802
0101100R01,24.973,7.285,0.36500001,13.7176886,100.5542463
0101100R01,24.978,7.28,0.360000014,13.7177174,100.5542125
0101100R01,24.983,7.275,0.349999994,13.7177467,100.5541784
0101100R01,24.988,7.27,0.344999999,13.7177758,100.5541444
0101100R01,24.993,7.265,0.346666664,13.717805,100.5541103
0101100R01,24.998,7.26,0.360000014,13.7178352,100.554072
0101100R01,25.003,7.255,0.349999994,13.7178656,100.5540323
0101100R01,25.008,7.25,0.366666675,13.7178962,100.5539924
0101100R01,25.013,7.245,0.336666673,13.7179257,100.5539571
0101100R01,25.018,7.24,0.330000013,13.7179543,100.5539263
0101100R01,25.023,7.235,0.404999971,13.7179829,100.5538955
0101100R01,25.028,7.23,0.360000014,13.7180125,100.5538634
0101100R01,25.033,7.225,0.314999998,13.7180433,100.5538293
0101100R01,25.038,7.22,0.310000002,13.7180745,100.553795
0101100R01,25.043,7.215,0.296666682,13.718106,100.5537615
0101100R01,25.048,7.21,0.340000004,13.718139,100.5537307
0101100R01,25.053,7.205,0.324999988,13.7181722,100.5536998
0101100R01,25.058,7.2,0.313333333,13.7182056,100.5536688
0101100R01,25.063,7.195,0.303333342,13.7182405,100.5536393
0101100R01,25.068,7.19,0.324999988,13.7182757,100.5536095
0101100R01,25.073,7.185,0.330000013,13.718311,100.5535797
0101100R01,25.078,7.18,0.323333323,13.7183459,100.5535501
0101100R01,25.083,7.175,0.324999988,13.7183811,100.5535204
0101100R01,25.088,7.17,0.324999988,13.7184164,100.5534906
0101100R01,25.093,7.165,0.330000013,13.718455,100.5534669
0101100R01,25.098,7.16,0.284999996,13.7184948,100.5534445
0101100R01,25.103,7.155,0.290000021,13.7185345,100.553422
0101100R01,25.108,7.15,0.76000005,13.7185733,100.5533974
0101100R01,25.113,7.145,0.745000005,13.7186119,100.5533717
0101100R01,25.118,7.14,0.264999986,13.7186503,100.5533462
0101100R01,25.123,7.135,0.276666671,13.7186898,100.5533239
0101100R01,25.128,7.13,0.286666662,13.7187299,100.5533043
0101100R01,25.133,7.125,0.329999983,13.7187699,100.5532848
0101100R01,25.138,7.12,0.363333344,13.7188101,100.5532652
0101100R01,25.143,7.115,0.25,13.7188502,100.5532456
0101100R01,25.148,7.11,0.25,13.7188901,100.5532261
0101100R01,25.153,7.105,0.25,13.7189301,100.5532066
0101100R01,25.158,7.1,0.270000011,13.7189703,100.553187
0101100R01,25.163,7.095,0.275000006,13.7190102,100.5531675
0101100R01,25.168,7.09,0.245000005,13.7190502,100.553148
0101100R01,25.173,7.085,0.24333334,13.7190903,100.5531284
0101100R01,25.178,7.08,0.25999999,13.71913,100.5531091
0101100R01,25.183,7.075,0.275000006,13.7191701,100.5530898
0101100R01,25.188,7.07,0.263333321,13.7192132,100.553074
0101100R01,25.193,7.065,0.263333321,13.7192563,100.5530582
0101100R01,25.198,7.06,0.280000001,13.7192995,100.5530423
0101100R01,25.203,7.055,0.296666682,13.7193515,100.553024
0101100R01,25.208,7.05,0.283333331,13.7194045,100.5530054
0101100R01,25.213,7.045,0.284999996,13.7194572,100.5529868
0101100R01,25.218,7.04,0.319999993,13.7194942,100.5529866
0101100R01,25.223,7.035,0.323333323,13.7195257,100.5529928
0101100R01,25.228,7.03,0.319999993,13.7195571,100.552999
0101100R01,25.233,7.025,0.344999999,13.7195961,100.5529907
0101100R01,25.238,7.02,0.340000004,13.7196429,100.5529687
0101100R01,25.243,7.015,0.350000024,13.7196893,100.5529468
0101100R01,25.248,7.01,0.355000019,13.7197353,100.5529293
0101100R01,25.253,7.005,0.310000002,13.7197807,100.5529232
0101100R01,25.258,7,0.343333334,13.7198257,100.5529171
0101100R01,25.263,6.995,0.330000013,13.719871,100.552911
0101100R01,25.268,6.99,0.330000013,13.7199168,100.5529125
0101100R01,25.273,6.985,0.300000012,13.7199624,100.552914
0101100R01,25.278,6.98,0.310000002,13.7200079,100.5529155
0101100R01,25.283,6.975,0.319999993,13.7200522,100.5529105
0101100R01,25.288,6.97,0.306666672,13.7200957,100.5529025
0101100R01,25.293,6.965,0.289999992,13.7201392,100.5528946
0101100R01,25.298,6.96,0.284999996,13.7201826,100.5528853
0101100R01,25.303,6.955,0.303333342,13.7202257,100.5528726
0101100R01,25.308,6.95,0.275000006,13.7202689,100.5528599
0101100R01,25.313,6.945,0.280000001,13.720312,100.5528472
0101100R01,25.318,6.94,0.296666652,13.7203571,100.5528418
0101100R01,25.323,6.935,0.266666651,13.7204026,100.5528371
0101100R01,25.328,6.93,0.314999998,13.7204481,100.5528324
0101100R01,25.333,6.925,0.203333333,13.7204929,100.5528277
0101100R01,25.338,6.92,0.313333333,13.7205378,100.5528231
0101100R01,25.343,6.915,0.280000001,13.7205826,100.5528185
0101100R01,25.348,6.91,0.295000017,13.7206276,100.5528141
0101100R01,25.353,6.905,0.286666662,13.7206751,100.5528155
0101100R01,25.358,6.9,0.275000006,13.7207224,100.5528169
0101100R01,25.363,6.895,0.275000006,13.72077,100.5528184
0101100R01,25.368,6.89,0.266666651,13.7208162,100.5528161
0101100R01,25.373,6.885,0.254999995,13.7208612,100.5528112
0101100R01,25.378,6.88,0.254999995,13.7209066,100.5528063
0101100R01,25.383,6.875,0.299999982,13.7209518,100.5528014
0101100R01,25.388,6.87,0.289999992,13.7209967,100.5527968
0101100R01,25.393,6.865,0.275000006,13.7210416,100.5527921
0101100R01,25.398,6.86,0.273333311,13.7210867,100.5527875
0101100R01,25.403,6.855,0.276666641,13.7211316,100.5527846
0101100R01,25.408,6.85,0.280000001,13.7211769,100.5527826
0101100R01,25.413,6.845,0.305000007,13.7212221,100.5527805
0101100R01,25.418,6.84,0.306666672,13.7212672,100.5527787
0101100R01,25.423,6.835,0.300000012,13.7213115,100.5527775
0101100R01,25.428,6.83,0.310000002,13.7213557,100.5527764
0101100R01,25.433,6.825,0.336666673,13.7214001,100.5527752
0101100R01,25.438,6.82,0.344999999,13.7214448,100.5527714
0101100R01,25.443,6.815,0.360000014,13.7214893,100.552767
0101100R01,25.448,6.81,0.363333344,13.7215341,100.5527626
0101100R01,25.453,6.805,0.306666642,13.7215793,100.5527564
0101100R01,25.458,6.8,0.329999983,13.7216249,100.5527473
0101100R01,25.463,6.795,0.356666684,13.7216709,100.5527382
0101100R01,25.468,6.79,0.376666665,13.7217168,100.552729
0101100R01,25.473,6.785,0.370000005,13.7217617,100.5527237
0101100R01,25.478,6.78,0.310000002,13.7218069,100.5527184
0101100R01,25.483,6.775,0.330000013,13.721852,100.5527131
0101100R01,25.488,6.77,0.324999988,13.7218969,100.552708
0101100R01,25.493,6.765,0.330000013,13.721942,100.552703
0101100R01,25.498,6.76,0.306666672,13.7219869,100.552698
0101100R01,25.503,6.755,0.324999988,13.722032,100.5526931
0101100R01,25.508,6.75,0.300000012,13.722077,100.5526883
0101100R01,25.513,6.745,0.306666672,13.722122,100.5526837
0101100R01,25.518,6.74,0.303333342,13.722167,100.5526789
0101100R01,25.523,6.735,0.305000007,13.7222123,100.5526743
0101100R01,25.528,6.73,0.289999992,13.7222576,100.5526696
0101100R01,25.533,6.725,0.280000001,13.722303,100.5526649
0101100R01,25.538,6.72,0.264999986,13.7223482,100.5526598
0101100R01,25.543,6.715,0.275000006,13.722393,100.5526539
0101100R01,25.548,6.71,0.25999999,13.722438,100.5526481
0101100R01,25.553,6.705,0.25999999,13.7224828,100.5526423
0101100R01,25.558,6.7,0.270000011,13.7225274,100.5526379
0101100R01,25.563,6.695,0.266666681,13.7225722,100.5526335
0101100R01,25.568,6.69,0.25999999,13.7226167,100.5526292
0101100R01,25.573,6.685,0.254999995,13.7226615,100.5526245
0101100R01,25.578,6.68,0.283333331,13.7227064,100.5526196
0101100R01,25.583,6.675,0.25,13.722751,100.5526146
0101100R01,25.588,6.67,0.245000005,13.7227961,100.5526096
0101100R01,25.593,6.665,0.24333334,13.7228409,100.5526044
0101100R01,25.598,6.66,0.263333321,13.7228855,100.5525992
0101100R01,25.603,6.655,0.284999996,13.7229304,100.5525939
0101100R01,25.608,6.65,0.280000001,13.7229756,100.5525892
0101100R01,25.613,6.645,0.296666652,13.7230211,100.5525849
0101100R01,25.618,6.64,0.300000012,13.7230668,100.5525805
0101100R01,25.623,6.635,0.330000013,13.7231123,100.552576
0101100R01,25.628,6.63,0.350000024,13.7231572,100.552571
0101100R01,25.633,6.625,0.350000024,13.7232024,100.552566
0101100R01,25.638,6.62,0.324999988,13.7232473,100.5525611
0101100R01,25.643,6.615,0.379999995,13.7232925,100.5525558
0101100R01,25.648,6.61,0.303333342,13.7233374,100.5525505
0101100R01,25.653,6.605,0.310000002,13.7233823,100.5525453
0101100R01,25.658,6.6,0.346666694,13.7234274,100.5525404
0101100R01,25.663,6.595,0.333333343,13.7234724,100.5525363
0101100R01,25.668,6.59,0.36500001,13.7235174,100.5525322
0101100R01,25.673,6.585,0.355000019,13.7235625,100.5525281
0101100R01,25.678,6.58,0.330000013,13.7236078,100.5525232
0101100R01,25.683,6.575,0.360000014,13.7236528,100.5525183
0101100R01,25.688,6.57,0.389999986,13.7236979,100.5525133
0101100R01,25.693,6.565,0.370000005,13.7237431,100.5525087
0101100R01,25.698,6.56,0.360000014,13.7237878,100.5525044
0101100R01,25.703,6.555,0.340000004,13.7238328,100.5525001
0101100R01,25.708,6.55,0.313333333,13.7238777,100.5524957
0101100R01,25.713,6.545,0.303333342,13.7239229,100.5524914
0101100R01,25.718,6.54,0.300000012,13.7239683,100.5524871
0101100R01,25.723,6.535,0.303333342,13.7240133,100.5524828
0101100R01,25.728,6.53,0.293333322,13.7240585,100.5524786
0101100R01,25.733,6.525,0.295000017,13.7241035,100.5524746
0101100R01,25.738,6.52,0.275000006,13.724148,100.5524707
0101100R01,25.743,6.515,0.289999992,13.724193,100.5524666
0101100R01,25.748,6.51,0.289999992,13.724238,100.5524627
0101100R01,25.753,6.505,0.314999998,13.7242827,100.5524587
0101100R01,25.758,6.5,0.306666672,13.7243277,100.5524547
0101100R01,25.763,6.495,0.314999998,13.7243728,100.5524507
0101100R01,25.768,6.49,0.314999998,13.7244182,100.5524468
0101100R01,25.773,6.485,0.343333334,13.7244636,100.5524428
0101100R01,25.778,6.48,0.350000024,13.7245088,100.5524389
0101100R01,25.783,6.475,0.360000014,13.7245539,100.5524358
0101100R01,25.788,6.47,0.326666683,13.7245989,100.5524327
0101100R01,25.793,6.465,0.336666673,13.7246438,100.5524297
0101100R01,25.798,6.46,0.340000004,13.7246888,100.5524267
0101100R01,25.803,6.455,0.305000007,13.7247337,100.5524239
0101100R01,25.808,6.45,0.340000004,13.7247784,100.5524211
0101100R01,25.813,6.445,0.264999986,13.7248233,100.5524183
0101100R01,25.818,6.44,0.275000006,13.7248684,100.5524155
0101100R01,25.823,6.435,0.286666662,13.7249134,100.5524127
0101100R01,25.828,6.43,0.314999998,13.7249584,100.5524099
0101100R01,25.833,6.425,0.324999988,13.7250037,100.5524071
0101100R01,25.838,6.42,0.323333353,13.7250486,100.5524043
0101100R01,25.843,6.415,0.286666662,13.7250939,100.5524015
0101100R01,25.848,6.41,0.295000017,13.7251394,100.5523987
0101100R01,25.853,6.405,0.309999973,13.7251845,100.5523961
0101100R01,25.858,6.4,0.319999993,13.72523,100.5523935
0101100R01,25.863,6.395,0.310000002,13.725275,100.552391
0101100R01,25.868,6.39,0.264999986,13.7253201,100.5523886
0101100R01,25.873,6.385,0.319999993,13.7253652,100.5523866
0101100R01,25.878,6.38,0.355000019,13.7254099,100.5523847
0101100R01,25.883,6.375,0.360000014,13.7254548,100.5523827
0101100R01,25.888,6.37,0.319999993,13.7254995,100.5523811
0101100R01,25.893,6.365,0.340000004,13.7255441,100.5523798
0101100R01,25.898,6.36,0.349999994,13.7255887,100.5523784
0101100R01,25.903,6.355,0.349999994,13.7256333,100.552377
0101100R01,25.908,6.35,0.333333343,13.7256782,100.5523734
0101100R01,25.913,6.345,0.330000013,13.7257234,100.5523698
0101100R01,25.918,6.34,0.336666673,13.7257686,100.5523662
0101100R01,25.923,6.335,0.330000013,13.7258134,100.5523634
0101100R01,25.928,6.33,0.310000002,13.725858,100.5523617
0101100R01,25.933,6.325,0.349999994,13.7259029,100.55236
0101100R01,25.938,6.32,0.306666702,13.7259473,100.5523584
0101100R01,25.943,6.315,0.295000017,13.7259931,100.5523536
0101100R01,25.948,6.31,0.305000007,13.7260388,100.5523481
0101100R01,25.953,6.305,0.276666671,13.7260847,100.5523425
0101100R01,25.958,6.3,0.269999981,13.7261307,100.5523377
0101100R01,25.963,6.295,0.360000014,13.7261756,100.552336
0101100R01,25.968,6.29,0.25999999,13.7262209,100.5523343
0101100R01,25.973,6.285,0.24666667,13.7262661,100.5523327
0101100R01,25.978,6.28,0.264999986,13.7263109,100.5523297
0101100R01,25.983,6.275,0.289999992,13.726356,100.5523257
0101100R01,25.988,6.27,0.300000012,13.7264012,100.5523218
0101100R01,25.993,6.265,0.270000011,13.7264461,100.5523179
0101100R01,25.998,6.26,0.324999988,13.7264908,100.5523131
0101100R01,26.003,6.255,0.343333334,13.7265353,100.5523083
0101100R01,26.008,6.25,0.344999999,13.7265799,100.5523036
0101100R01,26.013,6.245,0.370000005,13.7266249,100.5522991
0101100R01,26.018,6.24,0.349999994,13.7266701,100.5522948
0101100R01,26.023,6.235,0.349999994,13.7267155,100.5522906
0101100R01,26.028,6.23,0.324999988,13.7267609,100.5522864
0101100R01,26.033,6.225,0.316666692,13.7268057,100.5522819
0101100R01,26.038,6.22,0.313333333,13.7268506,100.5522774
0101100R01,26.043,6.215,0.319999993,13.7268955,100.5522729
0101100R01,26.048,6.21,0.313333333,13.7269403,100.5522683
0101100R01,26.053,6.205,0.266666651,13.7269854,100.5522634
0101100R01,26.058,6.2,0.275000006,13.7270306,100.5522586
0101100R01,26.063,6.195,0.289999992,13.7270754,100.5522538
0101100R01,26.068,6.19,0.283333331,13.7271204,100.5522492
0101100R01,26.073,6.185,0.280000001,13.7271655,100.5522447
0101100R01,26.078,6.18,0.284999996,13.7272102,100.5522402
0101100R01,26.083,6.175,0.280000001,13.7272551,100.5522356
0101100R01,26.088,6.17,0.25999999,13.7273001,100.5522308
0101100R01,26.093,6.165,0.245000005,13.7273448,100.552226
0101100R01,26.098,6.16,0.270000011,13.7273897,100.5522212
0101100R01,26.103,6.155,0.289999992,13.7274345,100.5522164
0101100R01,26.108,6.15,0.280000001,13.7274796,100.5522116
0101100R01,26.113,6.145,0.280000001,13.7275247,100.5522068
0101100R01,26.118,6.14,0.293333322,13.7275695,100.5522019
0101100R01,26.123,6.135,0.305000007,13.7276144,100.5521968
0101100R01,26.128,6.13,0.310000002,13.7276593,100.5521917
0101100R01,26.133,6.125,0.316666663,13.727704,100.5521866
0101100R01,26.138,6.12,0.310000002,13.727749,100.5521813
0101100R01,26.143,6.115,0.314999998,13.7277942,100.5521758
0101100R01,26.148,6.11,0.316666663,13.7278394,100.5521704
0101100R01,26.153,6.105,0.310000002,13.7278846,100.5521649
0101100R01,26.158,6.1,0.305000007,13.7279292,100.5521595
0101100R01,26.163,6.095,0.310000002,13.7279737,100.552154
0101100R01,26.168,6.09,0.310000002,13.7280185,100.5521485
0101100R01,26.173,6.085,0.319999993,13.7280635,100.552143
0101100R01,26.178,6.08,0.313333333,13.7281089,100.5521374
0101100R01,26.183,6.075,0.313333333,13.7281541,100.5521318
0101100R01,26.188,6.07,0.300000012,13.7281992,100.5521263
0101100R01,26.193,6.065,0.295000017,13.7282441,100.5521207
0101100R01,26.198,6.06,0.316666663,13.7282892,100.5521151
0101100R01,26.203,6.055,0.310000002,13.7283341,100.5521096
0101100R01,26.208,6.05,0.290000021,13.7283789,100.5521041
0101100R01,26.213,6.045,0.303333312,13.728424,100.5520985
0101100R01,26.218,6.04,0.310000002,13.7284686,100.552093
0101100R01,26.223,6.035,0.335000008,13.7285136,100.5520877
0101100R01,26.228,6.03,0.340000004,13.7285587,100.5520828
0101100R01,26.233,6.025,0.330000013,13.7286034,100.5520779
0101100R01,26.238,6.02,0.335000008,13.7286485,100.5520729
0101100R01,26.243,6.015,0.326666683,13.7286932,100.5520675
0101100R01,26.248,6.01,0.330000013,13.7287383,100.552062
0101100R01,26.253,6.005,0.289999992,13.7287834,100.5520565
0101100R01,26.258,6,0.295000017,13.7288278,100.5520514
0101100R01,26.263,5.995,0.276666671,13.7288721,100.5520465
0101100R01,26.268,5.99,0.280000001,13.7289164,100.5520417
0101100R01,26.273,5.985,0.284999996,13.7289604,100.5520368
0101100R01,26.278,5.98,0.280000001,13.7290058,100.552031
0101100R01,26.283,5.975,0.284999996,13.729051,100.5520252
0101100R01,26.288,5.97,0.269999981,13.7290961,100.5520194
0101100R01,26.293,5.965,0.25999999,13.7291414,100.5520141
0101100R01,26.298,5.96,0.286666662,13.7291866,100.5520093
0101100R01,26.303,5.955,0.289999992,13.7292317,100.5520044
0101100R01,26.308,5.95,0.289999992,13.7292768,100.5519995
0101100R01,26.313,5.945,0.280000001,13.7293221,100.5519946
0101100R01,26.318,5.94,0.254999995,13.7293672,100.5519897
0101100R01,26.323,5.935,0.289999992,13.7294126,100.5519848
0101100R01,26.328,5.93,0.283333331,13.7294572,100.5519802
0101100R01,26.333,5.925,0.275000006,13.7295018,100.5519759
0101100R01,26.338,5.92,0.254999995,13.7295465,100.5519716
0101100R01,26.343,5.915,0.24666667,13.7295912,100.5519677
0101100R01,26.348,5.91,0.270000011,13.7296367,100.5519659
0101100R01,26.353,5.905,0.219999999,13.7296823,100.5519642
0101100R01,26.358,5.9,0.289999992,13.7297275,100.5519625
0101100R01,26.363,5.895,0.266666651,13.7297725,100.5519555
0101100R01,26.368,5.89,0.264999986,13.7298173,100.5519467
0101100R01,26.373,5.885,0.24333334,13.7298619,100.5519378
0101100R01,26.378,5.88,0.24333334,13.729907,100.5519311
0101100R01,26.383,5.875,0.215000004,13.7299524,100.5519284
0101100R01,26.388,5.87,0.230000004,13.7299977,100.5519258
0101100R01,26.393,5.865,0.316666692,13.7300434,100.5519231
0101100R01,26.398,5.86,0.379999995,13.7300882,100.5519181
0101100R01,26.403,5.855,0.375,13.7301333,100.5519131
0101100R01,26.408,5.85,0.373333335,13.7301785,100.551908
0101100R01,26.413,5.845,0.38499999,13.7302234,100.5519027
0101100R01,26.418,5.84,0.404999971,13.7302683,100.5518973
0101100R01,26.423,5.835,0.476666689,13.7303136,100.5518919
0101100R01,26.428,5.83,0.340000004,13.7303586,100.5518866
0101100R01,26.433,5.825,0.370000005,13.7304033,100.5518814
0101100R01,26.438,5.82,0.416666657,13.7304484,100.5518762
0101100R01,26.443,5.815,0.423333317,13.7304933,100.5518711
0101100R01,26.448,5.81,0.405000001,13.7305388,100.5518659
0101100R01,26.453,5.805,0.399999976,13.7305843,100.5518607
0101100R01,26.458,5.8,0.356666684,13.7306294,100.5518555
0101100R01,26.463,5.795,0.36500001,13.7306745,100.5518506
0101100R01,26.468,5.79,0.355000019,13.7307193,100.5518457
0101100R01,26.473,5.785,0.389999986,13.7307641,100.5518409
0101100R01,26.478,5.78,0.409999996,13.730809,100.5518361
0101100R01,26.483,5.775,0.400000006,13.7308534,100.5518313
0101100R01,26.488,5.77,0.416666657,13.730898,100.5518264
0101100R01,26.493,5.765,0.433333308,13.7309425,100.5518215
0101100R01,26.498,5.76,0.414999992,13.7309846,100.5518159
0101100R01,26.503,5.755,0.413333327,13.7310271,100.5518101
0101100R01,26.508,5.75,0.409999996,13.7310694,100.5518044
0101100R01,26.513,5.745,0.409999996,13.7311155,100.5518001
0101100R01,26.518,5.74,0.430000007,13.7311631,100.5517962
0101100R01,26.523,5.735,0.426666647,13.7312105,100.5517923
0101100R01,26.528,5.73,0.435000002,13.7312567,100.5517881
0101100R01,26.533,5.725,0.465000004,13.7313012,100.5517833
0101100R01,26.538,5.72,0.449999958,13.7313456,100.5517785
0101100R01,26.543,5.715,0.430000007,13.7313899,100.5517738
0101100R01,26.548,5.71,0.439999998,13.731435,100.5517687
0101100R01,26.553,5.705,0.423333317,13.73148,100.5517637
0101100R01,26.558,5.7,0.436666638,13.7315252,100.5517587
0101100R01,26.563,5.695,0.425000012,13.7315702,100.5517538
0101100R01,26.568,5.69,0.433333308,13.7316152,100.5517491
0101100R01,26.573,5.685,0.393333316,13.7316602,100.5517443
0101100R01,26.578,5.68,0.36500001,13.7317053,100.5517395
0101100R01,26.583,5.675,0.355000019,13.73175,100.5517345
0101100R01,26.588,5.67,0.403333336,13.7317948,100.5517295
0101100R01,26.593,5.665,0.400000006,13.7318397,100.5517245
0101100R01,26.598,5.66,0.400000006,13.7318845,100.5517198
0101100R01,26.603,5.655,0.416666657,13.7319295,100.5517151
0101100R01,26.608,5.65,0.379999995,13.7319745,100.5517104
0101100R01,26.613,5.645,0.419999987,13.7320192,100.5517054
0101100R01,26.618,5.64,0.426666647,13.7320642,100.5517001
0101100R01,26.623,5.635,0.419999987,13.7321089,100.5516948
0101100R01,26.628,5.63,0.414999992,13.7321538,100.5516893
0101100R01,26.633,5.625,0.436666638,13.7321989,100.5516814
0101100R01,26.638,5.62,0.409999996,13.7322437,100.5516736
0101100R01,26.643,5.615,0.405000001,13.7322888,100.5516657
0101100R01,26.648,5.61,0.38499999,13.7323338,100.5516597
0101100R01,26.653,5.605,0.409999996,13.7323788,100.5516548
0101100R01,26.658,5.6,0.430000007,13.732424,100.5516498
0101100R01,26.663,5.595,0.430000007,13.732469,100.5516448
0101100R01,26.668,5.59,0.429999977,13.732514,100.5516396
0101100R01,26.673,5.585,0.435000002,13.7325589,100.5516344
0101100R01,26.678,5.58,0.425000012,13.7326039,100.5516292
0101100R01,26.683,5.575,0.449999958,13.7326487,100.5516242
0101100R01,26.688,5.57,0.426666647,13.7326934,100.5516193
0101100R01,26.693,5.565,0.394999981,13.7327385,100.5516143
0101100R01,26.698,5.56,0.403333336,13.7327832,100.5516095
0101100R01,26.703,5.555,0.413333327,13.7328281,100.5516049
0101100R01,26.708,5.55,0.409999996,13.7328729,100.5516003
0101100R01,26.713,5.545,0.419999987,13.7329177,100.5515958
0101100R01,26.718,5.54,0.393333316,13.732963,100.5515909
0101100R01,26.723,5.535,0.394999981,13.733008,100.551586
0101100R01,26.728,5.53,0.379999995,13.7330531,100.5515811
0101100R01,26.733,5.525,0.400000006,13.7330983,100.5515763
0101100R01,26.738,5.52,0.389999986,13.7331426,100.5515718
0101100R01,26.743,5.515,0.389999986,13.7331873,100.5515673
0101100R01,26.748,5.51,0.330000013,13.7332319,100.5515627
0101100R01,26.753,5.505,0.370000005,13.7332768,100.5515581
0101100R01,26.758,5.5,0.335000008,13.7333223,100.5515535
0101100R01,26.763,5.495,0.370000005,13.7333676,100.5515489
0101100R01,26.768,5.49,0.356666684,13.7334126,100.5515442
0101100R01,26.773,5.485,0.370000005,13.7334577,100.5515394
0101100R01,26.778,5.48,0.405000001,13.7335025,100.5515345
0101100R01,26.783,5.475,0.393333316,13.7335476,100.5515297
0101100R01,26.788,5.47,0.409999996,13.7335926,100.5515246
0101100R01,26.793,5.465,0.430000007,13.7336374,100.5515195
0101100R01,26.798,5.46,0.436666638,13.7336825,100.5515144
0101100R01,26.803,5.455,0.419999987,13.7337268,100.5515085
0101100R01,26.808,5.45,0.444999993,13.7337701,100.5515011
0101100R01,26.813,5.445,0.403333336,13.7338137,100.5514937
0101100R01,26.818,5.44,0.393333316,13.7338572,100.5514863
0101100R01,26.823,5.435,0.324999988,13.7339017,100.5514829
0101100R01,26.828,5.43,0.326666683,13.7339469,100.5514803
0101100R01,26.833,5.425,0.650000036,13.7339932,100.5514777
0101100R01,26.838,5.42,0.61500001,13.7340391,100.5514741
0101100R01,26.843,5.415,0.335000008,13.7340852,100.551469
0101100R01,26.848,5.41,0.413333327,13.734134,100.5514636
0101100R01,26.853,5.405,0.414999992,13.7341838,100.5514578
0101100R01,26.858,5.4,0.425000012,13.734233,100.5514512
0101100R01,26.863,5.395,0.406666666,13.7342859,100.5514441
0101100R01,26.868,5.39,0.394999981,13.7343232,100.5514411
0101100R01,26.873,5.385,0.454999983,13.7343598,100.5514386
0101100R01,26.878,5.38,0.816666663,13.7344021,100.5514344
0101100R01,26.883,5.375,0.336666673,13.7344489,100.5514292
0101100R01,26.888,5.37,0.665000021,13.7344942,100.5514246
0101100R01,26.893,5.365,0.620000005,13.7345392,100.5514199
0101100R01,26.898,5.36,0.48666665,13.7345844,100.5514152
0101100R01,26.903,5.355,0.050000001,13.7346295,100.551411
0101100R01,26.908,5.35,0.344999999,13.734674,100.5514073
0101100R01,26.913,5.345,0.530000031,13.7347184,100.5514031
0101100R01,26.918,5.34,0.379999995,13.7347629,100.5513989
0101100R01,26.923,5.335,0.349999994,13.7348071,100.5513952
0101100R01,26.928,5.33,0.383333325,13.7348526,100.5513892
0101100R01,26.933,5.325,0.389999986,13.7348985,100.5513826
0101100R01,26.938,5.32,0.419999987,13.7349437,100.5513781
0101100R01,26.943,5.315,0.413333327,13.7349889,100.5513733
0101100R01,26.948,5.31,0.416666657,13.7350339,100.5513681
0101100R01,26.953,5.305,0.400000006,13.7350788,100.5513629
0101100R01,26.958,5.3,0.416666657,13.7351243,100.5513576
0101100R01,26.963,5.295,0.423333317,13.7351698,100.5513524
0101100R01,26.968,5.29,0.425000012,13.7352146,100.5513477
0101100R01,26.973,5.285,0.409999996,13.7352597,100.5513426
0101100R01,26.978,5.28,0.433333308,13.7353049,100.5513373
0101100R01,26.983,5.275,0.414999992,13.7353525,100.551335
0101100R01,26.988,5.27,0.405000001,13.7353975,100.55133
0101100R01,26.993,5.265,0.376666665,13.7354396,100.5513218
0101100R01,26.998,5.26,0.409999996,13.7354843,100.5513162
0101100R01,27.003,5.255,0.430000007,13.7355289,100.5513111
0101100R01,27.008,5.25,0.419999987,13.7355746,100.5513061
0101100R01,27.013,5.245,0.233333334,13.7356198,100.5513013
0101100R01,27.018,5.24,0.290000021,13.7356649,100.5512968
0101100R01,27.023,5.235,0.313333303,13.7357094,100.5512923
0101100R01,27.028,5.23,0.313333333,13.7357548,100.5512876
0101100R01,27.033,5.225,0.330000013,13.7357995,100.5512829
0101100R01,27.038,5.22,0.305000007,13.7358444,100.551278
0101100R01,27.043,5.215,0.296666682,13.7358894,100.5512731
0101100R01,27.048,5.21,0.300000012,13.7359338,100.5512681
0101100R01,27.053,5.205,0.300000012,13.7359788,100.5512628
0101100R01,27.058,5.2,0.296666682,13.7360235,100.5512574
0101100R01,27.063,5.195,0.289999992,13.7360677,100.5512521
0101100R01,27.068,5.19,0.284999996,13.7361126,100.5512469
0101100R01,27.073,5.185,0.280000001,13.7361566,100.5512418
0101100R01,27.078,5.18,0.270000011,13.7362016,100.5512368
0101100R01,27.083,5.175,0.270000011,13.736246,100.5512319
0101100R01,27.088,5.17,0.25666666,13.7362907,100.5512271
0101100R01,27.093,5.165,0.25,13.7363357,100.5512223
0101100R01,27.098,5.16,0.270000011,13.7363803,100.5512176
0101100R01,27.103,5.155,0.25999999,13.7364247,100.5512133
0101100R01,27.108,5.15,0.25,13.7364689,100.5512091
0101100R01,27.113,5.145,0.245000005,13.7365136,100.5512046
0101100R01,27.118,5.14,0.239999995,13.7365584,100.5511997
0101100R01,27.123,5.135,0.239999995,13.7366031,100.5511949
0101100R01,27.128,5.13,0.239999995,13.7366483,100.5511898
0101100R01,27.133,5.125,0.25,13.7366929,100.5511847
0101100R01,27.138,5.12,0.266666651,13.7367377,100.5511796
0101100R01,27.143,5.115,0.25,13.7367829,100.5511745
0101100R01,27.148,5.11,0.239999995,13.7368282,100.5511694
0101100R01,27.153,5.105,0.25333333,13.7368734,100.5511642
0101100R01,27.158,5.1,0.280000001,13.7369178,100.5511591
0101100R01,27.163,5.095,0.25999999,13.736963,100.5511539
0101100R01,27.168,5.09,0.314999998,13.737008,100.5511489
0101100R01,27.173,5.085,0.303333342,13.7370529,100.551144
0101100R01,27.178,5.08,0.314999998,13.7370983,100.5511391
0101100R01,27.183,5.075,0.310000002,13.7371436,100.5511338
0101100R01,27.188,5.07,0.326666683,13.7371887,100.5511284
0101100R01,27.193,5.065,0.319999993,13.737234,100.5511231
0101100R01,27.198,5.06,0.340000004,13.7372791,100.5511179
0101100R01,27.203,5.055,0.343333334,13.7373236,100.5511127
0101100R01,27.208,5.05,0.326666683,13.7373688,100.551108
0101100R01,27.213,5.045,0.330000013,13.7374138,100.5511036
0101100R01,27.218,5.04,0.330000013,13.7374582,100.5510993
0101100R01,27.223,5.035,0.349999994,13.7375033,100.5510943
0101100R01,27.228,5.03,0.340000004,13.7375478,100.5510893
0101100R01,27.233,5.025,0.324999988,13.7375925,100.5510843
0101100R01,27.238,5.02,0.316666663,13.7376377,100.5510793
0101100R01,27.243,5.015,0.319999993,13.7376825,100.5510744
0101100R01,27.248,5.01,0.319999993,13.7377275,100.5510696
0101100R01,27.253,5.005,0.319999993,13.7377726,100.5510647
0101100R01,27.258,5,0.330000013,13.7378174,100.5510599
0101100R01,27.263,4.995,0.324999988,13.7378625,100.5510549
0101100R01,27.268,4.99,0.330000013,13.7379076,100.5510497
0101100R01,27.273,4.985,0.330000013,13.7379523,100.5510446
0101100R01,27.278,4.98,0.314999998,13.7379973,100.5510396
0101100R01,27.283,4.975,0.303333342,13.7380423,100.5510349
0101100R01,27.288,4.97,0.303333342,13.7380869,100.5510301
0101100R01,27.293,4.965,0.284999996,13.7381319,100.5510252
0101100R01,27.298,4.96,0.280000001,13.738177,100.5510202
0101100R01,27.303,4.955,0.280000001,13.7382218,100.5510152
0101100R01,27.308,4.95,0.280000001,13.7382668,100.5510101
0101100R01,27.313,4.945,0.280000001,13.7383115,100.5510052
0101100R01,27.318,4.94,0.270000011,13.7383563,100.5510002
0101100R01,27.323,4.935,0.270000011,13.7384012,100.5509952
0101100R01,27.328,4.93,0.264999986,13.7384459,100.5509903
0101100R01,27.333,4.925,0.280000001,13.7384908,100.5509853
0101100R01,27.338,4.92,0.276666671,13.7385358,100.5509804
0101100R01,27.343,4.915,0.295000017,13.7385805,100.5509755
0101100R01,27.348,4.91,0.310000002,13.7386254,100.5509706
0101100R01,27.353,4.905,0.310000002,13.7386705,100.5509655
0101100R01,27.358,4.9,0.340000004,13.7387154,100.5509603
0101100R01,27.363,4.895,0.330000013,13.7387606,100.5509551
0101100R01,27.368,4.89,0.303333342,13.7388057,100.5509498
0101100R01,27.373,4.885,0.305000007,13.7388502,100.5509446
0101100R01,27.378,4.88,0.319999993,13.738895,100.5509394
0101100R01,27.383,4.875,0.289999992,13.7389396,100.5509343
0101100R01,27.388,4.87,0.289999992,13.7389849,100.5509294
0101100R01,27.393,4.865,0.275000006,13.7390302,100.5509245
0101100R01,27.398,4.86,0.276666671,13.7390749,100.5509197
0101100R01,27.403,4.855,0.25,13.7391196,100.5509149
0101100R01,27.408,4.85,0.264999986,13.7391642,100.5509101
0101100R01,27.413,4.845,0.25,13.7392086,100.5509053
0101100R01,27.418,4.84,0.239999995,13.739254,100.5509001
0101100R01,27.423,4.835,0.25999999,13.7392993,100.550895
0101100R01,27.428,4.83,0.25999999,13.7393443,100.5508899
0101100R01,27.433,4.825,0.270000011,13.7393892,100.5508851
0101100R01,27.438,4.82,0.289999992,13.7394342,100.5508803
0101100R01,27.443,4.815,0.289999992,13.7394789,100.5508755
0101100R01,27.448,4.81,0.300000012,13.7395239,100.5508705
0101100R01,27.453,4.805,0.324999988,13.7395687,100.5508655
0101100R01,27.458,4.8,0.330000013,13.7396136,100.5508604
0101100R01,27.463,4.795,0.310000002,13.7396588,100.5508556
0101100R01,27.468,4.79,0.310000002,13.7397037,100.5508509
0101100R01,27.473,4.785,0.300000012,13.7397487,100.5508461
0101100R01,27.478,4.78,0.283333331,13.7397938,100.5508412
0101100R01,27.483,4.775,0.289999992,13.7398385,100.5508362
0101100R01,27.488,4.77,0.289999992,13.7398834,100.5508312
0101100R01,27.493,4.765,0.289999992,13.7399282,100.5508261
0101100R01,27.498,4.76,0.296666652,13.7399727,100.5508208
0101100R01,27.503,4.755,0.310000002,13.7400175,100.5508155
0101100R01,27.508,4.75,0.305000007,13.7400621,100.55081
0101100R01,27.513,4.745,0.303333342,13.7401064,100.5508035
0101100R01,27.518,4.74,0.310000002,13.7401509,100.5507969
0101100R01,27.523,4.735,0.310000002,13.7401953,100.5507904
0101100R01,27.528,4.73,0.306666672,13.7402395,100.550783
0101100R01,27.533,4.725,0.289999992,13.7402838,100.5507755
0101100R01,27.538,4.72,0.289999992,13.7403281,100.550768
0101100R01,27.543,4.715,0.263333321,13.7403735,100.5507644
0101100R01,27.548,4.71,0.25999999,13.7404194,100.5507622
0101100R01,27.553,4.705,0.254999995,13.7404652,100.55076
0101100R01,27.558,4.7,0.270000011,13.7405105,100.5507552
0101100R01,27.563,4.695,0.266666681,13.7405551,100.5507486
0101100R01,27.568,4.69,0.239999995,13.7405996,100.5507419
0101100R01,27.573,4.685,0.270000011,13.7406441,100.550735
0101100R01,27.578,4.68,0.25,13.7406887,100.5507276
0101100R01,27.583,4.675,0.25999999,13.7407331,100.5507203
0101100R01,27.588,4.67,0.25,13.7407776,100.5507129
0101100R01,27.593,4.665,0.25999999,13.7408219,100.5507055
0101100R01,27.598,4.66,0.266666651,13.740866,100.5506982
0101100R01,27.603,4.655,0.270000011,13.7409103,100.5506892
0101100R01,27.608,4.65,0.280000001,13.7409525,100.5506728
0101100R01,27.613,4.645,0.280000001,13.7409952,100.5506563
0101100R01,27.618,4.64,0.310000002,13.7410383,100.5506404
0101100R01,27.623,4.635,0.300000012,13.7410816,100.5506294
0101100R01,27.628,4.63,0.300000012,13.7411253,100.5506183
0101100R01,27.633,4.625,0.310000002,13.7411698,100.5506097
0101100R01,27.638,4.62,0.300000012,13.7412165,100.5506137
0101100R01,27.643,4.615,0.313333333,13.7412638,100.5506179
0101100R01,27.648,4.61,0.314999998,13.7413106,100.5506193
0101100R01,27.653,4.605,0.340000004,13.7413546,100.5506123
0101100R01,27.658,4.6,0.310000002,13.7413997,100.5506052
0101100R01,27.663,4.595,0.306666672,13.7414444,100.5505978
0101100R01,27.668,4.59,0.289999992,13.7414886,100.55059
0101100R01,27.673,4.585,0.303333342,13.7415338,100.5505821
0101100R01,27.678,4.58,0.319999993,13.7415782,100.5505744
0101100R01,27.683,4.575,0.310000002,13.7416227,100.5505668
0101100R01,27.688,4.57,0.300000012,13.7416672,100.5505592
0101100R01,27.693,4.565,0.319999993,13.7417111,100.550552
0101100R01,27.698,4.56,0.270000011,13.7417553,100.5505447
0101100R01,27.703,4.555,0.305000007,13.7418001,100.5505377
0101100R01,27.708,4.55,0.293333322,13.7418455,100.5505309
0101100R01,27.713,4.545,0.270000011,13.7418917,100.5505241
0101100R01,27.718,4.54,0.25,13.7419357,100.550518
0101100R01,27.723,4.535,0.239999995,13.7419804,100.5505118
0101100R01,27.728,4.53,0.209999993,13.742025,100.5505055
0101100R01,27.733,4.525,0.219999999,13.7420695,100.5504991
0101100R01,27.738,4.52,0.236666664,13.7421143,100.5504927
0101100R01,27.743,4.515,0.236666664,13.7421589,100.5504867
0101100R01,27.748,4.51,0.234999999,13.7422035,100.5504806
0101100R01,27.753,4.505,0.230000004,13.7422485,100.5504748
0101100R01,27.758,4.5,0.236666664,13.742294,100.550469
0101100R01,27.763,4.495,0.245000005,13.7423389,100.5504636
0101100R01,27.768,4.49,0.234999999,13.7423842,100.5504583
0101100R01,27.773,4.485,0.230000004,13.7424286,100.5504541
0101100R01,27.778,4.48,0.230000004,13.7424713,100.5504519
0101100R01,27.783,4.475,0.219999999,13.7425148,100.5504492
0101100R01,27.788,4.47,0.223333344,13.7425604,100.5504442
0101100R01,27.793,4.465,0.230000004,13.7426065,100.5504392
0101100R01,27.798,4.46,0.230000004,13.7426511,100.5504252
0101100R01,27.803,4.455,0.25999999,13.7426963,100.5504108
0101100R01,27.808,4.45,0.333333343,13.7427364,100.5504107
0101100R01,27.813,4.445,0.269999981,13.7427764,100.5504127
0101100R01,27.818,4.44,0.275000006,13.7428265,100.5504101
0101100R01,27.823,4.435,0.223333314,13.7428784,100.5504066
0101100R01,27.828,4.43,0.264999986,13.7429256,100.5503995
0101100R01,27.833,4.425,0.289999992,13.7429717,100.5503918
0101100R01,27.838,4.42,0.306666672,13.7430178,100.5503841
0101100R01,27.843,4.415,0.290000021,13.7430639,100.5503764
0101100R01,27.848,4.41,0.284999996,13.7431085,100.5503722
0101100R01,27.853,4.405,0.280000001,13.7431533,100.5503687
0101100R01,27.858,4.4,0.319999993,13.7431984,100.550364
0101100R01,27.863,4.395,0.340000004,13.7432434,100.5503591
0101100R01,27.868,4.39,0.330000013,13.7432883,100.5503537
0101100R01,27.873,4.385,0.349999994,13.7433331,100.5503483
0101100R01,27.878,4.38,0.379999995,13.7433779,100.5503433
0101100R01,27.883,4.375,0.314999998,13.7434233,100.5503384
0101100R01,27.888,4.37,0.280000001,13.7434682,100.5503342
0101100R01,27.893,4.365,0.25999999,13.7435126,100.5503303
0101100R01,27.898,4.36,0.234999999,13.7435578,100.550328
0101100R01,27.903,4.355,0.236666664,13.7436035,100.5503265
0101100R01,27.908,4.35,0.239999995,13.7436477,100.550323
0101100R01,27.913,4.345,0.245000005,13.7436917,100.5503185
0101100R01,27.918,4.34,0.233333334,13.7437361,100.5503135
0101100R01,27.923,4.335,0.213333324,13.7437811,100.5503084
0101100R01,27.928,4.33,0.239999995,13.7438267,100.5502993
0101100R01,27.933,4.325,0.24666667,13.7438725,100.5502887
0101100R01,27.938,4.32,0.24000001,13.7439134,100.5502843
0101100R01,27.943,4.315,0.264999986,13.743953,100.5502812
0101100R01,27.948,4.31,0.25999999,13.7440016,100.550276
0101100R01,27.953,4.305,0.270000011,13.744051,100.5502706
0101100R01,27.958,4.3,0.289999992,13.7440962,100.5502653
0101100R01,27.963,4.295,0.295000017,13.744141,100.55026
0101100R01,27.968,4.29,0.323333353,13.7441861,100.5502553
0101100R01,27.973,4.285,0.300000012,13.7442312,100.5502505
0101100R01,27.978,4.28,0.305000007,13.7442762,100.5502458
0101100R01,27.983,4.275,0.293333322,13.7443211,100.5502406
0101100R01,27.988,4.27,0.283333331,13.7443654,100.5502348
0101100R01,27.993,4.265,0.295000017,13.7444095,100.5502301
0101100R01,27.998,4.26,0.289999992,13.7444537,100.5502262
0101100R01,28.003,4.255,0.306666672,13.7444962,100.5502296
0101100R01,28.008,4.25,0.264999986,13.7445383,100.5502366
0101100R01,28.013,4.245,0.280000001,13.7445864,100.5502359
0101100R01,28.018,4.24,0.286666662,13.7446338,100.5502308
0101100R01,28.023,4.235,0.310000002,13.7446801,100.5502088
0101100R01,28.028,4.23,0.289999992,13.7447256,100.5501937
0101100R01,28.033,4.225,0.289999992,13.7447702,100.5501881
0101100R01,28.038,4.22,0.310000002,13.7448152,100.5501839
0101100R01,28.043,4.215,0.300000012,13.7448598,100.5501806
0101100R01,28.048,4.21,0.280000001,13.7449042,100.5501765
0101100R01,28.053,4.205,0.283333331,13.7449483,100.5501722
0101100R01,28.058,4.2,0.280000001,13.744992,100.5501685
0101100R01,28.063,4.195,0.283333331,13.7450355,100.5501648
0101100R01,28.068,4.19,0.299999982,13.7450795,100.5501606
0101100R01,28.073,4.185,0.289999992,13.7451237,100.5501564
0101100R01,28.078,4.18,0.280000001,13.7451687,100.5501521
0101100R01,28.083,4.175,0.25999999,13.7452142,100.5501477
0101100R01,28.088,4.17,0.280000001,13.7452602,100.5501434
0101100R01,28.093,4.165,0.25999999,13.7453061,100.5501395
0101100R01,28.098,4.16,0.25999999,13.7453514,100.5501361
0101100R01,28.103,4.155,0.25999999,13.745396,100.5501325
0101100R01,28.108,4.15,0.25,13.7454398,100.5501287
0101100R01,28.113,4.145,0.25,13.7454941,100.5501225
0101100R01,28.118,4.14,0.25666666,13.7455492,100.550116
0101100R01,28.123,4.135,0.295000017,13.7456033,100.5501096
0101100R01,28.128,4.13,0.286666662,13.7456558,100.5501033
0101100R01,28.133,4.125,0.270000011,13.7457068,100.5500973
0101100R01,28.138,4.12,0.275000006,13.745757,100.5500913
0101100R01,28.143,4.115,0.289999992,13.745806,100.5500855
0101100R01,28.148,4.11,0.286666662,13.7458544,100.5500798
0101100R01,28.153,4.105,0.280000001,13.7459021,100.5500741
0101100R01,28.158,4.1,0.270000011,13.7459488,100.5500686
0101100R01,28.163,4.095,0.280000001,13.7459949,100.5500631
0101100R01,28.168,4.09,0.234999999,13.7460403,100.5500577
0101100R01,28.173,4.085,0.200000003,13.7460848,100.5500525
0101100R01,28.178,4.08,0.263333321,13.7461287,100.5500472
0101100R01,28.183,4.075,0.273333341,13.7461721,100.5500421
0101100R01,28.188,4.07,0.264999986,13.7462149,100.550037
0101100R01,28.193,4.065,0.276666671,13.7462575,100.550032
0101100R01,28.198,4.06,0.25999999,13.7463001,100.5500269
0101100R01,28.203,4.055,0.25999999,13.7463424,100.5500219
0101100R01,28.208,4.05,0.254999995,13.7463849,100.5500169
0101100R01,28.213,4.045,0.209999993,13.7464273,100.5500118
0101100R01,28.218,4.04,0.335000008,13.7464703,100.5500067
0101100R01,28.223,4.035,0.239999995,13.7465137,100.5500016
0101100R01,28.228,4.03,0.24000001,13.7465573,100.5499964
0101100R01,28.233,4.025,0.25999999,13.7466016,100.5499911
0101100R01,28.238,4.02,0.264999986,13.7466465,100.5499858
0101100R01,28.243,4.015,0.25,13.7466915,100.5499805
0101100R01,28.248,4.01,0.236666664,13.7467369,100.5499751
0101100R01,28.253,4.005,0.245000005,13.7467823,100.5499697
0101100R01,28.258,4,0.25,13.7468274,100.5499644
0101100R01,28.263,3.995,0.24333334,13.7468726,100.549959
0101100R01,28.268,3.99,0.25,13.7469176,100.5499537
0101100R01,28.273,3.985,0.245000005,13.7469622,100.5499484
0101100R01,28.278,3.98,0.25999999,13.7470074,100.549943
0101100R01,28.283,3.975,0.25999999,13.7470527,100.5499376
0101100R01,28.288,3.97,0.234999999,13.7470987,100.5499322
0101100R01,28.293,3.965,0.236666664,13.7471452,100.5499267
0101100R01,28.298,3.96,0.264999986,13.7471913,100.5499212
0101100R01,28.303,3.955,0.245000005,13.7472373,100.5499157
0101100R01,28.308,3.95,0.280000001,13.7472828,100.5499103
0101100R01,28.313,3.945,0.286666662,13.7473276,100.549905
0101100R01,28.318,3.94,0.254999995,13.7473721,100.5498997
0101100R01,28.323,3.935,0.263333321,13.747416,100.5498945
0101100R01,28.328,3.93,0.26333335,13.7474593,100.5498894
0101100R01,28.333,3.925,0.264999986,13.7475023,100.5498843
0101100R01,28.338,3.92,0.25999999,13.7475449,100.5498792
0101100R01,28.343,3.915,0.25333333,13.7475868,100.5498743
0101100R01,28.348,3.91,0.270000011,13.7476287,100.5498693
0101100R01,28.353,3.905,0.25,13.7476702,100.5498644
0101100R01,28.358,3.9,0.286666662,13.7477111,100.5498595
0101100R01,28.363,3.895,0.275000006,13.7477519,100.5498547
0101100R01,28.368,3.89,0.204999998,13.7477922,100.5498499
0101100R01,28.373,3.885,0.203333333,13.7478324,100.5498451
0101100R01,28.378,3.88,0.203333333,13.7478725,100.5498404
0101100R01,28.383,3.875,0.314999998,13.747912,100.5498357
0101100R01,28.388,3.87,0.429999977,13.7479515,100.549831
0101100R01,28.393,3.865,0.213333324,13.7479908,100.5498263
0101100R01,28.398,3.86,0.219999999,13.7480296,100.5498217
0101100R01,28.403,3.855,0.239999995,13.7480684,100.5498171
0101100R01,28.408,3.85,0.289999992,13.7481069,100.5498126
0101100R01,28.413,3.845,0.264999986,13.748145,100.5498081
0101100R01,28.418,3.84,0.25999999,13.748183,100.5498035
0101100R01,28.423,3.835,0.25666666,13.7482396,100.5497929
0101100R01,28.428,3.83,0.239999995,13.7483057,100.5497792
0101100R01,28.433,3.825,0.264999986,13.7483557,100.5497723
0101100R01,28.438,3.82,0.286666662,13.7484006,100.5497675
0101100R01,28.443,3.815,0.280000001,13.7484457,100.5497627
0101100R01,28.448,3.81,0.264999986,13.7484903,100.5497579
0101100R01,28.453,3.805,0.270000011,13.7485348,100.5497531
0101100R01,28.458,3.8,0.313333333,13.7485795,100.5497484
0101100R01,28.463,3.795,0.310000002,13.7486244,100.5497433
0101100R01,28.468,3.79,0.289999992,13.7486692,100.5497382
0101100R01,28.473,3.785,0.270000011,13.748714,100.5497331
0101100R01,28.478,3.78,0.25999999,13.7487593,100.549728
0101100R01,28.483,3.775,0.25999999,13.7488042,100.5497229
0101100R01,28.488,3.77,0.273333341,13.7488493,100.549718
0101100R01,28.493,3.765,0.289999992,13.7488956,100.5497173
0101100R01,28.498,3.76,0.264999986,13.7489412,100.5497166
0101100R01,28.503,3.755,0.266666651,13.7489873,100.5497157
0101100R01,28.508,3.75,0.270000011,13.7490322,100.5497103
0101100R01,28.513,3.745,0.284999996,13.7490767,100.549705
0101100R01,28.518,3.74,0.283333331,13.7491215,100.5496997
0101100R01,28.523,3.735,0.306666672,13.7491654,100.5496957
0101100R01,28.528,3.73,0.25,13.7492098,100.5496917
0101100R01,28.533,3.725,0.239999995,13.7492544,100.5496875
0101100R01,28.538,3.72,0.25333333,13.7492996,100.5496828
0101100R01,28.543,3.715,0.234999999,13.7493454,100.549678
0101100R01,28.548,3.71,0.219999999,13.749391,100.5496732
0101100R01,28.553,3.705,0.219999984,13.7494361,100.5496688
0101100R01,28.558,3.7,0.219999999,13.7494816,100.5496644
0101100R01,28.563,3.695,0.224999994,13.7495267,100.5496593
0101100R01,28.568,3.69,0.230000004,13.7495709,100.5496521
0101100R01,28.573,3.685,0.230000004,13.7496153,100.549645
0101100R01,28.578,3.68,0.234999999,13.7496599,100.5496384
0101100R01,28.583,3.675,0.24000001,13.7497053,100.549633
0101100R01,28.588,3.67,0.239999995,13.7497505,100.5496276
0101100R01,28.593,3.665,0.234999999,13.7497959,100.5496216
0101100R01,28.598,3.66,0.234999999,13.7498419,100.5496144
0101100R01,28.603,3.655,0.239999995,13.7498878,100.5496071
0101100R01,28.608,3.65,0.25999999,13.7499329,100.5496006
0101100R01,28.613,3.645,0.264999986,13.7499767,100.5495956
0101100R01,28.618,3.64,0.280000001,13.7500205,100.5495908
0101100R01,28.623,3.635,0.284999996,13.7500641,100.549585
0101100R01,28.628,3.63,0.300000012,13.7501089,100.5495763
0101100R01,28.633,3.625,0.280000001,13.7501535,100.5495675
0101100R01,28.638,3.62,0.296666682,13.7501978,100.5495585
0101100R01,28.643,3.615,0.289999992,13.7502419,100.5495469
0101100R01,28.648,3.61,0.270000011,13.7502859,100.5495353
0101100R01,28.653,3.605,0.25,13.7503296,100.5495239
0101100R01,28.658,3.6,0.270000011,13.750374,100.5495133
0101100R01,28.663,3.595,0.270000011,13.750418,100.5495029
0101100R01,28.668,3.59,0.270000011,13.7504622,100.5494924
0101100R01,28.673,3.585,0.270000011,13.7505059,100.5494806
0101100R01,28.678,3.58,0.270000011,13.7505494,100.5494686
0101100R01,28.683,3.575,0.276666671,13.7505932,100.5494565
0101100R01,28.688,3.57,0.270000011,13.7506366,100.5494436
0101100R01,28.693,3.565,0.280000001,13.7506798,100.5494304
0101100R01,28.698,3.56,0.25999999,13.7507229,100.5494171
0101100R01,28.703,3.555,0.25666666,13.750766,100.5494031
0101100R01,28.708,3.55,0.25,13.7508087,100.5493885
0101100R01,28.713,3.545,0.25999999,13.7508513,100.5493738
0101100R01,28.718,3.54,0.25333333,13.7508936,100.5493584
0101100R01,28.723,3.535,0.264999986,13.7509349,100.5493413
0101100R01,28.728,3.53,0.270000011,13.7509763,100.5493242
0101100R01,28.733,3.525,0.273333341,13.7510178,100.549307
0101100R01,28.738,3.52,0.25,13.7510599,100.5492896
0101100R01,28.743,3.515,0.254999995,13.7511023,100.5492721
0101100R01,28.748,3.51,0.263333321,13.7511443,100.5492548
0101100R01,28.753,3.505,0.254999995,13.7511854,100.5492356
0101100R01,28.758,3.5,0.25,13.7512265,100.5492159
0101100R01,28.763,3.495,0.24666667,13.7512671,100.5491966
0101100R01,28.768,3.49,0.25,13.7513077,100.5491762
0101100R01,28.773,3.485,0.239999995,13.751348,100.5491553
0101100R01,28.778,3.48,0.24666667,13.7513879,100.5491346
0101100R01,28.783,3.475,0.25333333,13.7514283,100.5491139
0101100R01,28.788,3.47,0.245000005,13.7514691,100.5490934
0101100R01,28.793,3.465,0.25,13.7515097,100.5490731
0101100R01,28.798,3.46,0.25999999,13.7515506,100.5490527
0101100R01,28.803,3.455,0.25,13.7515902,100.5490307
0101100R01,28.808,3.45,0.234999999,13.7516296,100.5490086
0101100R01,28.813,3.445,0.223333344,13.751669,100.5489865
0101100R01,28.818,3.44,0.209999993,13.7517069,100.5489635
0101100R01,28.823,3.435,0.230000004,13.7517438,100.5489397
0101100R01,28.828,3.43,0.233333334,13.7517806,100.548916
0101100R01,28.833,3.425,0.230000004,13.7518172,100.5488911
0101100R01,28.838,3.42,0.239999995,13.7518537,100.5488612
0101100R01,28.843,3.415,0.233333334,13.75189,100.5488314
0101100R01,28.848,3.41,0.25999999,13.7519263,100.5488017
0101100R01,28.853,3.405,0.25,13.7519622,100.5487733
0101100R01,28.858,3.4,0.230000004,13.7519982,100.5487451
0101100R01,28.863,3.395,0.239999995,13.752034,100.5487171
0101100R01,28.868,3.39,0.230000004,13.7520695,100.5486882
0101100R01,28.873,3.385,0.239999995,13.7521047,100.5486584
0101100R01,28.878,3.38,0.219999984,13.7521397,100.5486288
0101100R01,28.883,3.375,0.239999995,13.7521747,100.5485989
0101100R01,28.888,3.37,0.204999998,13.7522087,100.5485681
0101100R01,28.893,3.365,0.226666674,13.7522425,100.5485376
0101100R01,28.898,3.36,0.233333334,13.7522767,100.5485068
0101100R01,28.903,3.355,0.219999999,13.7523102,100.5484748
0101100R01,28.908,3.35,0.230000004,13.7523438,100.5484424
0101100R01,28.913,3.345,0.24333334,13.7523776,100.5484098
0101100R01,28.918,3.34,0.239999995,13.7524086,100.5483785
0101100R01,28.923,3.335,0.239999995,13.7524379,100.5483477
0101100R01,28.928,3.33,0.239999995,13.7524672,100.5483169
0101100R01,28.933,3.325,0.239999995,13.7524966,100.5482846
0101100R01,28.938,3.32,0.25,13.7525266,100.5482476
0101100R01,28.943,3.315,0.25999999,13.7525566,100.5482105
0101100R01,28.948,3.31,0.25999999,13.7525867,100.5481734
0101100R01,28.953,3.305,0.254999995,13.7526162,100.5481413
0101100R01,28.958,3.3,0.24666667,13.7526459,100.5481092
0101100R01,28.963,3.295,0.24666667,13.7526754,100.5480772
0101100R01,28.968,3.29,0.245000005,13.7527053,100.5480421
0101100R01,28.973,3.285,0.25,13.7527353,100.548006
0101100R01,28.978,3.28,0.25333333,13.7527654,100.5479696
0101100R01,28.983,3.275,0.25,13.7527923,100.5479299
0101100R01,28.988,3.27,0.245000005,13.7528162,100.5478871
0101100R01,28.993,3.265,0.230000004,13.7528401,100.5478441
0101100R01,28.998,3.26,0.239999995,13.7528649,100.5478035
0101100R01,29.003,3.255,0.245000005,13.7528914,100.5477707
0101100R01,29.008,3.25,0.230000004,13.7529181,100.5477376
0101100R01,29.013,3.245,0.230000004,13.7529448,100.5477037
0101100R01,29.018,3.24,0.230000004,13.7529699,100.5476654
0101100R01,29.023,3.235,0.25,13.7529952,100.5476268
0101100R01,29.028,3.23,0.223333344,13.7530206,100.5475881
0101100R01,29.033,3.225,0.224999994,13.7530483,100.5475514
0101100R01,29.038,3.22,0.230000004,13.7530763,100.5475144
0101100R01,29.043,3.215,0.25999999,13.7531042,100.5474776
0101100R01,29.048,3.21,0.25,13.7531281,100.5474376
0101100R01,29.053,3.205,0.239999995,13.753151,100.5473967
0101100R01,29.058,3.2,0.226666674,13.7531738,100.547356
0101100R01,29.063,3.195,0.234999999,13.7531972,100.5473164
0101100R01,29.068,3.19,0.219999999,13.7532208,100.5472775
0101100R01,29.073,3.185,0.219999984,13.7532445,100.5472387
0101100R01,29.078,3.18,0.234999999,13.7532692,100.5472001
0101100R01,29.083,3.175,0.219999999,13.7532946,100.5471621
0101100R01,29.088,3.17,0.230000004,13.75332,100.547124
0101100R01,29.093,3.165,0.233333334,13.7533448,100.547082
0101100R01,29.098,3.16,0.219999999,13.753369,100.5470365
0101100R01,29.103,3.155,0.209999993,13.7533932,100.5469911
0101100R01,29.108,3.15,0.24333334,13.7534188,100.5469499
0101100R01,29.113,3.145,0.219999999,13.7534458,100.5469126
0101100R01,29.118,3.14,0.234999999,13.7534726,100.5468755
0101100R01,29.123,3.135,0.230000004,13.7535022,100.5468426
0101100R01,29.128,3.13,0.230000004,13.7535341,100.5468145
0101100R01,29.133,3.125,0.295000017,13.753566,100.5467862
0101100R01,29.138,3.12,0.313333333,13.7535972,100.5467541
0101100R01,29.143,3.115,0.379999995,13.7536272,100.546719
0101100R01,29.148,3.11,0.370000005,13.7536575,100.5466836
0101100R01,29.153,3.105,0.276666671,13.7536862,100.5466484
0101100R01,29.158,3.1,0.24666667,13.7537134,100.5466136
0101100R01,29.163,3.095,0.280000001,13.753741,100.5465785
0101100R01,29.168,3.09,0.25333333,13.7537711,100.5465445
0101100R01,29.173,3.085,0.323333323,13.7538022,100.5465113
0101100R01,29.178,3.08,0.305000007,13.7538337,100.5464778
0101100R01,29.183,3.075,0.305000007,13.7538672,100.5464466
0101100R01,29.188,3.07,0.303333342,13.7539014,100.5464159
0101100R01,29.193,3.065,0.310000002,13.753936,100.5463849
0101100R01,29.198,3.06,0.305000007,13.75397,100.5463531
0101100R01,29.203,3.055,0.333333343,13.7540047,100.5463206
0101100R01,29.208,3.05,0.335000008,13.7540384,100.5462883
0101100R01,29.213,3.045,0.300000012,13.754068,100.5462572
0101100R01,29.218,3.04,0.270000011,13.7540982,100.5462254
0101100R01,29.223,3.035,0.296666652,13.75413,100.5461937
0101100R01,29.228,3.03,0.324999988,13.7541631,100.5461617
0101100R01,29.233,3.025,0.313333333,13.7541966,100.5461293
0101100R01,29.238,3.02,0.340000004,13.7542368,100.546105
0101100R01,29.243,3.015,0.340000004,13.7542769,100.5460813
0101100R01,29.248,3.01,0.360000014,13.7543169,100.5460576
0101100R01,29.253,3.005,0.330000013,13.7543566,100.5460341
0101100R01,29.258,3,0.319999993,13.7543959,100.5460108
0101100R01,29.263,2.995,0.335000008,13.7544351,100.5459876
0101100R01,29.268,2.99,0.376666665,13.7544738,100.5459646
0101100R01,29.273,2.985,0.349999994,13.7545124,100.5459417
0101100R01,29.278,2.98,0.280000001,13.754551,100.5459184
0101100R01,29.283,2.975,0.340000004,13.754589,100.5458953
0101100R01,29.288,2.97,0.326666683,13.7546285,100.5458729
0101100R01,29.293,2.965,0.310000002,13.7546698,100.5458513
0101100R01,29.298,2.96,0.286666662,13.7547107,100.54583
0101100R01,29.303,2.955,0.280000001,13.7547516,100.5458087
0101100R01,29.308,2.95,0.270000011,13.7547922,100.5457877
0101100R01,29.313,2.945,0.280000001,13.7548328,100.5457667
0101100R01,29.318,2.94,0.280000001,13.7548739,100.5457477
0101100R01,29.323,2.935,0.284999996,13.7549149,100.545729
0101100R01,29.328,2.93,0.280000001,13.7549556,100.5457104
0101100R01,29.333,2.925,0.280000001,13.7549971,100.5456911
0101100R01,29.338,2.92,0.289999992,13.7550384,100.5456719
0101100R01,29.343,2.915,0.25999999,13.7550796,100.5456528
0101100R01,29.348,2.91,0.270000011,13.7551215,100.5456338
0101100R01,29.353,2.905,0.286666662,13.7551631,100.5456149
0101100R01,29.358,2.9,0.280000001,13.7552051,100.5455961
0101100R01,29.363,2.895,0.300000012,13.7552475,100.5455773
0101100R01,29.368,2.89,0.263333321,13.7552895,100.5455587
0101100R01,29.373,2.885,0.264999986,13.7553313,100.5455402
0101100R01,29.378,2.88,0.295000017,13.755373,100.5455218
0101100R01,29.383,2.875,0.310000002,13.7554141,100.5455036
0101100R01,29.388,2.87,0.340000004,13.7554553,100.5454857
0101100R01,29.393,2.865,0.310000002,13.7554964,100.545468
0101100R01,29.398,2.86,0.349999994,13.7555369,100.5454505
0101100R01,29.403,2.855,0.349999994,13.7555784,100.5454326
0101100R01,29.408,2.85,0.319999993,13.75562,100.5454145
0101100R01,29.413,2.845,0.319999993,13.7556612,100.5453967
0101100R01,29.418,2.84,0.319999993,13.7557032,100.5453788
0101100R01,29.423,2.835,0.314999998,13.7557454,100.5453611
0101100R01,29.428,2.83,0.340000004,13.7557877,100.5453434
0101100R01,29.433,2.825,0.340000004,13.7558294,100.5453254
0101100R01,29.438,2.82,0.340000004,13.7558704,100.5453073
0101100R01,29.443,2.815,0.330000013,13.7559115,100.5452892
0101100R01,29.448,2.81,0.310000002,13.7559514,100.5452687
0101100R01,29.453,2.805,0.324999988,13.7559892,100.5452431
0101100R01,29.458,2.8,0.305000007,13.756027,100.5452176
0101100R01,29.463,2.795,0.300000012,13.756066,100.5451948
0101100R01,29.468,2.79,0.330000013,13.7561128,100.545187
0101100R01,29.473,2.785,0.340000004,13.7561595,100.5451793
0101100R01,29.478,2.78,0.293333322,13.7562062,100.5451715
0101100R01,29.483,2.775,0.236666679,13.7562484,100.5451557
0101100R01,29.488,2.77,0.284999996,13.7562903,100.5451393
0101100R01,29.493,2.765,0.230000004,13.7563324,100.5451229
0101100R01,29.498,2.76,0.233333334,13.7563733,100.5451019
0101100R01,29.503,2.755,0.264999986,13.7564141,100.5450785
0101100R01,29.508,2.75,0.25999999,13.7564545,100.5450554
0101100R01,29.513,2.745,0.276666671,13.7564956,100.5450347
0101100R01,29.518,2.74,0.275000006,13.7565375,100.5450172
0101100R01,29.523,2.735,0.25999999,13.756579,100.545
0101100R01,29.528,2.73,0.280000001,13.7566207,100.5449827
0101100R01,29.533,2.725,0.280000001,13.7566631,100.5449656
0101100R01,29.538,2.72,0.270000011,13.756705,100.5449487
0101100R01,29.543,2.715,0.25999999,13.7567473,100.5449317
0101100R01,29.548,2.71,0.270000011,13.7567896,100.5449158
0101100R01,29.553,2.705,0.25999999,13.7568318,100.5449001
0101100R01,29.558,2.7,0.346666664,13.7568744,100.5448843
0101100R01,29.563,2.695,0.356666684,13.7569171,100.5448708
0101100R01,29.568,2.69,0.340000004,13.75696,100.5448592
0101100R01,29.573,2.685,0.335000008,13.7570032,100.5448476
0101100R01,29.578,2.68,0.313333333,13.7570461,100.5448347
0101100R01,29.583,2.675,0.319999993,13.7570894,100.5448181
0101100R01,29.588,2.67,0.349999994,13.7571326,100.5448016
0101100R01,29.593,2.665,0.349999994,13.7571758,100.5447851
0101100R01,29.598,2.66,0.335000008,13.7572166,100.5447718
0101100R01,29.603,2.655,0.335000008,13.7572575,100.5447584
0101100R01,29.608,2.65,0.289999992,13.7572983,100.5447452
0101100R01,29.613,2.645,0.326666683,13.7573386,100.5447306
0101100R01,29.618,2.64,0.349999994,13.757379,100.5447156
0101100R01,29.623,2.635,0.349999994,13.7574191,100.5447007
0101100R01,29.628,2.63,0.349999994,13.7574635,100.5446911
0101100R01,29.633,2.625,0.344999999,13.7575111,100.544686
0101100R01,29.638,2.62,0.314999998,13.7575582,100.5446809
0101100R01,29.643,2.615,0.293333322,13.7576056,100.5446758
0101100R01,29.648,2.61,0.284999996,13.7576527,100.5446707
0101100R01,29.653,2.605,0.355000019,13.7576998,100.5446656
0101100R01,29.658,2.6,0.300000012,13.7577468,100.5446604
0101100R01,29.663,2.595,0.289999992,13.7577923,100.5446552
0101100R01,29.668,2.59,0.300000012,13.7578379,100.54465
0101100R01,29.673,2.585,0.273333341,13.7578834,100.5446448
0101100R01,29.678,2.58,0.25999999,13.7579282,100.5446411
0101100R01,29.683,2.575,0.25999999,13.7579731,100.5446378
0101100R01,29.688,2.57,0.223333314,13.7580179,100.5446344
0101100R01,29.693,2.565,0.230000004,13.758063,100.5446327
0101100R01,29.698,2.56,0.224999994,13.7581086,100.544632
0101100R01,29.703,2.555,0.234999999,13.7581541,100.5446314
0101100R01,29.708,2.55,0.25999999,13.7581994,100.5446315
0101100R01,29.713,2.545,0.25,13.7582446,100.5446333
0101100R01,29.718,2.54,0.25999999,13.7582899,100.5446351
0101100R01,29.723,2.535,0.25999999,13.7583349,100.5446369
0101100R01,29.728,2.53,0.234999999,13.7583797,100.544641
0101100R01,29.733,2.525,0.239999995,13.7584243,100.5446452
0101100R01,29.738,2.52,0.25,13.7584692,100.5446494
0101100R01,29.743,2.515,0.230000004,13.7585139,100.5446557
0101100R01,29.748,2.51,0.204999998,13.7585581,100.5446632
0101100R01,29.753,2.505,0.223333344,13.7586024,100.5446707
0101100R01,29.758,2.5,0.196666673,13.7586468,100.544679
0101100R01,29.763,2.495,0.215000004,13.7586906,100.5446891
0101100R01,29.768,2.49,0.25999999,13.7587344,100.5446992
0101100R01,29.773,2.485,0.219999984,13.7587783,100.5447094
0101100R01,29.778,2.48,0.204999998,13.7588218,100.5447211
0101100R01,29.783,2.475,0.275000006,13.7588655,100.544733
0101100R01,29.788,2.47,0.293333322,13.7589091,100.5447449
0101100R01,29.793,2.465,0.300000012,13.7589527,100.5447577
0101100R01,29.798,2.46,0.305000007,13.7589968,100.5447713
0101100R01,29.803,2.455,0.373333335,13.7590404,100.5447849
0101100R01,29.808,2.45,0.336666673,13.7590838,100.5447994
0101100R01,29.813,2.445,0.330000013,13.7591256,100.5448166
0101100R01,29.818,2.44,0.330000013,13.7591673,100.5448337
0101100R01,29.823,2.435,0.330000013,13.7592092,100.5448509
0101100R01,29.828,2.43,0.340000004,13.7592494,100.5448736
0101100R01,29.833,2.425,0.324999988,13.7592893,100.5448968
0101100R01,29.838,2.42,0.319999993,13.7593295,100.5449201
0101100R01,29.843,2.415,0.340000004,13.759371,100.5449403
0101100R01,29.848,2.41,0.310000002,13.7594131,100.5449585
0101100R01,29.853,2.405,0.323333353,13.7594554,100.5449768
0101100R01,29.858,2.4,0.300000012,13.7594966,100.5449971
0101100R01,29.863,2.395,0.310000002,13.7595342,100.5450221
0101100R01,29.868,2.39,0.286666662,13.7595721,100.5450474
0101100R01,29.873,2.385,0.313333333,13.7596097,100.5450725
0101100R01,29.878,2.38,0.319999993,13.7596458,100.5450957
0101100R01,29.883,2.375,0.313333333,13.7596818,100.5451188
0101100R01,29.888,2.37,0.323333323,13.7597175,100.5451417
0101100R01,29.893,2.365,0.335000008,13.7597541,100.545167
0101100R01,29.898,2.36,0.295000017,13.7597913,100.545194
0101100R01,29.903,2.355,0.306666672,13.7598281,100.5452208
0101100R01,29.908,2.35,0.300000012,13.759865,100.545248
0101100R01,29.913,2.345,0.289999992,13.7599013,100.5452762
0101100R01,29.918,2.34,0.310000002,13.7599374,100.5453042
0101100R01,29.923,2.335,0.300000012,13.7599735,100.5453323
0101100R01,29.928,2.33,0.330000013,13.7600088,100.5453614
0101100R01,29.933,2.325,0.340000004,13.7600439,100.5453906
0101100R01,29.938,2.32,0.310000002,13.7600792,100.5454199
0101100R01,29.943,2.315,0.284999996,13.760114,100.5454496
0101100R01,29.948,2.31,0.25999999,13.7601486,100.5454797
0101100R01,29.953,2.305,0.289999992,13.7601832,100.5455098
0101100R01,29.958,2.3,0.340000004,13.7602174,100.54554
0101100R01,29.963,2.295,0.310000002,13.7602508,100.545571
0101100R01,29.968,2.29,0.313333333,13.760284,100.5456018
0101100R01,29.973,2.285,0.280000001,13.7603172,100.5456326
0101100R01,29.978,2.28,0.270000011,13.7603504,100.5456642
0101100R01,29.983,2.275,0.300000012,13.7603836,100.5456959
0101100R01,29.988,2.27,0.295000017,13.7604167,100.5457275
0101100R01,29.993,2.265,0.270000011,13.7604495,100.5457593
0101100R01,29.998,2.26,0.283333331,13.7604822,100.5457913
0101100R01,30.003,2.255,0.333333343,13.7605146,100.5458231
0101100R01,30.008,2.25,0.264999986,13.7605472,100.5458552
0101100R01,30.013,2.245,0.273333341,13.7605806,100.5458886
0101100R01,30.018,2.24,0.223333314,13.7606137,100.5459217
0101100R01,30.023,2.235,0.234999999,13.7606472,100.5459552
0101100R01,30.028,2.23,0.270000011,13.7606792,100.5459864
0101100R01,30.033,2.225,0.289999992,13.7607106,100.5460167
0101100R01,30.038,2.22,0.289999992,13.7607422,100.546047
0101100R01,30.043,2.215,0.25999999,13.7607744,100.546077
0101100R01,30.048,2.21,0.226666674,13.7608094,100.5461071
0101100R01,30.053,2.205,0.155000001,13.7608445,100.5461372
0101100R01,30.058,2.2,0.109999999,13.7608793,100.546167
0101100R01,30.063,2.195,0.156666666,13.7609153,100.5461952
0101100R01,30.068,2.19,0.076666668,13.7609516,100.5462232
0101100R01,30.073,2.185,0.094999999,13.7609876,100.546251
0101100R01,30.078,2.18,0.090000004,13.7610213,100.5462819
0101100R01,30.083,2.175,0.106666662,13.761052,100.5463161
0101100R01,30.088,2.17,0.129999995,13.7610826,100.5463502
0101100R01,30.093,2.165,0.100000001,13.7611133,100.5463845
0101100R01,30.098,2.16,0.113333322,13.761144,100.5464187
0101100R01,30.103,2.155,0.13499999,13.7611746,100.5464528
0101100R01,30.108,2.15,0.109999999,13.7612053,100.546487
0101100R01,30.113,2.145,0.100000001,13.7612359,100.5465212
0101100R01,30.118,2.14,0.090000004,13.7612667,100.5465555
0101100R01,30.123,2.135,0.105000004,13.7612975,100.5465898
0101100R01,30.128,2.13,0.113333322,13.7613292,100.5466225
0101100R01,30.133,2.125,0.109999992,13.7613645,100.5466508
0101100R01,30.138,2.12,0.094999999,13.7613999,100.546679
0101100R01,30.143,2.115,0.096666671,13.7614351,100.5467071
0101100R01,30.148,2.11,0.086666666,13.7614712,100.5467369
0101100R01,30.153,2.105,0.090000004,13.7615073,100.5467668
0101100R01,30.158,2.1,0.224999994,13.7615432,100.5467966
0101100R01,30.163,2.095,0.216666654,13.7615789,100.5468224
0101100R01,30.168,2.09,0.145000011,13.761614,100.5468432
0101100R01,30.173,2.085,0.119999997,13.761649,100.5468639
0101100R01,30.178,2.08,0.156666681,13.7616843,100.546885
0101100R01,30.183,2.075,0.13499999,13.7617231,100.5469169
0101100R01,30.188,2.07,0.105000004,13.7617621,100.546949
0101100R01,30.193,2.065,0.113333322,13.761801,100.5469809
0101100R01,30.198,2.06,0.196666673,13.7618388,100.5470088
0101100R01,30.203,2.055,0.129999995,13.7618762,100.5470344
0101100R01,30.208,2.05,0.133333325,13.7619134,100.5470598
0101100R01,30.213,2.045,0.146666676,13.7619506,100.5470848
0101100R01,30.218,2.04,0.230000004,13.7619894,100.5471087
0101100R01,30.223,2.035,0.224999994,13.762028,100.5471324
0101100R01,30.228,2.03,0.140000001,13.7620664,100.547156
0101100R01,30.233,2.025,0.159999996,13.7621053,100.5471794
0101100R01,30.238,2.02,0.145000011,13.7621444,100.5472025
0101100R01,30.243,2.015,0.193333328,13.7621833,100.5472255
0101100R01,30.248,2.01,0.129999995,13.7622222,100.5472483
0101100R01,30.253,2.005,0.200000003,13.7622615,100.5472704
0101100R01,30.258,2,0.140000001,13.7623009,100.5472925
0101100R01,30.263,1.995,0.126666665,13.7623404,100.5473147
0101100R01,30.268,1.99,0.119999997,13.7623797,100.5473371
0101100R01,30.273,1.985,0.173333332,13.7624191,100.5473598
0101100R01,30.278,1.98,0.116666667,13.7624587,100.5473825
0101100R01,30.283,1.975,0.159999996,13.762498,100.5474051
0101100R01,30.288,1.97,0.155000001,13.7625378,100.5474273
0101100R01,30.293,1.965,0.123333335,13.7625775,100.5474494
0101100R01,30.298,1.96,0.109999999,13.762617,100.5474714
0101100R01,30.303,1.955,0.109999999,13.7626569,100.5474936
0101100R01,30.308,1.95,0.119999997,13.7626967,100.5475156
0101100R01,30.313,1.945,0.175000012,13.7627363,100.5475375
0101100R01,30.318,1.94,0.100000001,13.7627761,100.5475595
0101100R01,30.323,1.935,0.109999992,13.7628153,100.5475801
0101100R01,30.328,1.93,0.123333335,13.7628546,100.5476007
0101100R01,30.333,1.925,0.159999996,13.7628938,100.5476213
0101100R01,30.338,1.92,0.129999995,13.7629336,100.5476418
0101100R01,30.343,1.915,0.103333332,13.7629744,100.5476624
0101100R01,30.348,1.91,0.100000001,13.7630151,100.5476829
0101100R01,30.353,1.905,0.090000004,13.7630557,100.5477033
0101100R01,30.358,1.9,0.140000001,13.7630962,100.5477248
0101100R01,30.363,1.895,0.079999998,13.7631367,100.5477466
0101100R01,30.368,1.89,0.085000001,13.763177,100.5477682
0101100R01,30.373,1.885,0.083333336,13.7632174,100.5477899
0101100R01,30.378,1.88,0.155000001,13.7632583,100.5478118
0101100R01,30.383,1.875,0.090000004,13.763299,100.5478336
0101100R01,30.388,1.87,0.079999998,13.7633398,100.5478553
0101100R01,30.393,1.865,0.086666666,13.763381,100.5478749
0101100R01,30.398,1.86,0.075000003,13.7634221,100.5478928
0101100R01,30.403,1.855,0.090000004,13.7634634,100.5479109
0101100R01,30.408,1.85,0.076666668,13.7635046,100.5479288
0101100R01,30.413,1.845,0.155000001,13.7635456,100.5479482
0101100R01,30.418,1.84,0.150000006,13.7635868,100.5479677
0101100R01,30.423,1.835,0.153333336,13.7636277,100.547987
0101100R01,30.428,1.83,0.145000011,13.7636694,100.5480055
0101100R01,30.433,1.825,0.159999996,13.7637119,100.5480223
0101100R01,30.438,1.82,0.153333336,13.7637542,100.548039
0101100R01,30.443,1.815,0.204999998,13.7637968,100.5480558
0101100R01,30.448,1.81,0.170000002,13.7638389,100.5480728
0101100R01,30.453,1.805,0.133333325,13.7638807,100.5480898
0101100R01,30.458,1.8,0.153333336,13.7639227,100.5481069
0101100R01,30.463,1.795,0.194999993,13.7639647,100.5481238
0101100R01,30.468,1.79,0.173333347,13.7640073,100.5481403
0101100R01,30.473,1.785,0.170000002,13.7640498,100.5481568
0101100R01,30.478,1.78,0.155000001,13.7640922,100.5481732
0101100R01,30.483,1.775,0.24000001,13.7641348,100.5481896
0101100R01,30.488,1.77,0.176666677,13.7641774,100.5482057
0101100R01,30.493,1.765,0.159999996,13.7642199,100.5482218
